intern_id,attendance_pct,submission_pct,feedback_score,mentor_sessions,department,final_success,split,success_probability
INT-0001,76.6,94.36,2.51,6.0,Design,1,test,0.7567478120958513
INT-0002,57.19,64.99,3.64,5.0,Design,1,train,0.4309365229135968
INT-0003,100.0,100.0,2.86,3.0,Design,0,train,0.9092488878005527
INT-0004,94.47,65.38,4.43,6.0,Data Analytics,1,train,0.8784116653177745
INT-0005,48.57,37.07,1.93,6.0,Data Analytics,0,test,0.0815884671677349
INT-0006,64.76,44.69,3.87,2.0,Marketing,0,train,0.3120935206759425
INT-0007,58.72,46.41,3.99,6.0,Web Development,1,train,0.3635585164298913
INT-0008,73.14,81.78,2.54,8.0,Design,0,train,0.6805831950516044
INT-0009,97.74,67.95,2.75,7.0,Marketing,0,test,0.8086580052640554
INT-0010,67.38,68.71,3.4,6.0,Data Analytics,0,train,0.573320698857049
INT-0011,90.99,100.0,3.66,6.0,Marketing,1,test,0.9304807742213287
INT-0012,94.37,79.5,3.67,7.0,Design,1,train,0.896237360483766
INT-0013,87.88,67.16,4.32,2.0,Web Development,0,train,0.7831309631449012
INT-0014,73.81,91.7,3.44,6.0,Web Development,1,train,0.8018755636439509
INT-0015,67.72,93.3,3.7,1.0,Data Analytics,0,train,0.6934860080778267
INT-0016,68.07,50.32,3.64,3.0,Data Analytics,0,train,0.3854039377241551
INT-0017,76.01,69.07,4.15,8.0,Data Analytics,1,test,0.7848478405181809
INT-0018,77.7,71.46,2.81,2.0,Marketing,0,train,0.5428821451672353
INT-0019,87.15,91.36,3.64,7.0,Data Analytics,1,test,0.901011130715299
INT-0020,57.96,42.57,2.16,3.0,Web Development,0,train,0.12237109727375976
INT-0021,62.73,51.89,2.57,1.0,Data Analytics,0,train,0.19575796868975615
INT-0022,40.97,82.12,3.28,0.0,Web Development,0,test,0.24521206971258214
INT-0023,92.77,97.19,3.91,4.0,Data Analytics,1,test,0.9252548087792559
INT-0024,73.95,58.86,3.38,4.0,Web Development,1,train,0.5150016032788208
INT-0025,67.76,62.76,3.91,4.0,Design,1,test,0.5449858419773831
INT-0026,83.86,66.55,2.39,0.0,Marketing,0,test,0.4694762702445541
INT-0027,97.44,90.82,3.5,2.0,Web Development,1,train,0.8916755565215765
INT-0028,81.41,58.83,3.71,0.0,Design,1,train,0.546651284283141
INT-0029,62.43,66.83,3.11,2.0,Design,0,test,0.3681947852057711
INT-0030,90.2,82.71,4.62,8.0,Marketing,1,train,0.9348015878938633
INT-0031,100.0,100.0,5.0,1.0,Marketing,1,train,0.9616462418772761
INT-0032,75.4,73.5,3.4,6.0,Data Analytics,0,train,0.6966780007763002
INT-0033,80.64,46.59,4.4,0.0,Design,0,train,0.5233022905692168
INT-0034,54.96,63.98,1.94,5.0,Marketing,0,train,0.21418321811743343
INT-0035,100.0,97.14,3.7,8.0,Web Development,1,train,0.9581844113893829
INT-0036,84.21,96.88,4.22,3.0,Design,1,train,0.8976011641721815
INT-0037,83.9,72.12,2.7,1.0,Web Development,1,train,0.5812763788001549
INT-0038,49.36,57.22,3.19,5.0,Web Development,1,train,0.24219013914145096
INT-0039,57.15,47.12,2.21,2.0,Data Analytics,0,train,0.1273583548740841
INT-0040,100.0,81.4,4.21,8.0,Data Analytics,1,train,0.9458828504440068
INT-0041,85.8,100.0,4.51,7.0,Design,1,train,0.9474582186500885
INT-0042,94.0,79.02,3.86,5.0,Marketing,1,test,0.883513222037116
INT-0043,71.05,48.89,1.77,5.0,Design,0,train,0.2398149063952036
INT-0044,80.2,68.82,2.84,5.0,Data Analytics,1,train,0.6240376647419338
INT-0045,93.27,76.68,3.85,6.0,Data Analytics,1,train,0.881310321034965
INT-0046,78.7,70.27,3.52,4.0,Design,0,test,0.6774834256438789
INT-0047,72.39,92.74,1.95,8.0,Data Analytics,1,train,0.687408472378686
INT-0048,73.1,82.9,4.38,3.0,Design,1,train,0.7792467180543974
INT-0049,93.02,95.31,3.84,0.0,Marketing,1,train,0.8846100858407907
INT-0050,82.9,93.01,2.86,6.0,Data Analytics,1,test,0.8269174585940078
INT-0051,66.38,90.57,4.24,5.0,Design,1,train,0.7912192425409659
INT-0052,79.59,69.02,3.24,8.0,Marketing,1,train,0.7282746325395961
INT-0053,51.78,36.04,2.19,3.0,Web Development,0,test,0.07839549290336947
INT-0054,69.87,65.82,3.49,3.0,Marketing,1,train,0.516700365449768
INT-0055,57.66,58.16,4.41,5.0,Marketing,1,train,0.4779050897922075
INT-0056,62.77,45.84,4.22,3.0,Web Development,1,test,0.36257441469365276
INT-0057,66.86,61.41,3.51,7.0,Web Development,0,train,0.544246236972281
INT-0058,100.0,89.28,4.47,3.0,Design,1,train,0.9413903535341294
INT-0059,73.97,48.74,3.52,7.0,Design,0,train,0.5204748790301199
INT-0060,90.1,83.07,3.0,3.0,Web Development,0,train,0.792550348658328
INT-0061,50.52,61.57,3.01,2.0,Data Analytics,1,train,0.20998717620727808
INT-0062,74.71,69.43,2.72,8.0,Design,0,train,0.6230576241123081
INT-0063,72.11,100.0,3.7,4.0,Data Analytics,0,train,0.8236922027717428
INT-0064,74.74,83.77,3.53,6.0,Data Analytics,0,test,0.7717278352295321
INT-0065,78.55,79.32,4.11,5.0,Data Analytics,1,train,0.8096448992490725
INT-0066,82.76,84.75,3.88,3.0,Web Development,0,test,0.8196009627644866
INT-0067,61.48,70.01,1.07,8.0,Data Analytics,0,train,0.27872201548070297
INT-0068,73.15,70.7,3.29,3.0,Web Development,0,train,0.5699314665318851
INT-0069,97.31,100.0,4.28,8.0,Data Analytics,1,train,0.967877533387172
INT-0070,59.45,57.1,3.62,3.0,Web Development,0,train,0.3436325208673928
INT-0071,60.39,63.62,2.69,0.0,Marketing,0,test,0.23908947869216704
INT-0072,59.93,56.78,3.98,0.0,Web Development,1,test,0.3227076248212185
INT-0073,68.54,35.29,3.16,8.0,Design,0,train,0.3278069268782308
INT-0074,84.83,90.74,3.95,4.0,Data Analytics,1,train,0.8752133773648858
INT-0075,65.46,92.03,4.2,3.0,Data Analytics,1,test,0.7545867528469375
INT-0076,75.04,71.05,4.0,7.0,Marketing,0,test,0.7578396657940772
INT-0077,72.31,65.04,2.56,5.0,Design,1,train,0.46642131953710986
INT-0078,90.51,50.38,1.77,5.0,Data Analytics,0,test,0.4506985113399661
INT-0079,64.62,64.39,3.38,6.0,Design,0,train,0.5023882062045011
INT-0080,77.13,81.72,3.78,1.0,Data Analytics,1,train,0.7112459916720784
INT-0081,96.29,72.78,3.38,0.0,Data Analytics,1,train,0.7654274668884964
INT-0082,67.2,45.89,3.63,6.0,Web Development,1,train,0.4084473474607996
INT-0083,78.42,69.4,3.32,0.0,Design,1,train,0.551129058432236
INT-0084,65.62,58.58,4.11,6.0,Design,0,train,0.55915505473394
INT-0085,60.06,46.28,2.6,1.0,Marketing,0,train,0.15282352773268992
INT-0086,68.61,90.14,3.97,2.0,Data Analytics,1,test,0.7287370054555621
INT-0087,47.98,48.23,3.52,6.0,Data Analytics,0,train,0.2241145686153879
INT-0088,87.6,59.52,4.46,5.0,Design,0,test,0.7984145965811662
INT-0089,74.88,81.85,2.45,7.0,Marketing,0,test,0.66716369045094
INT-0090,79.7,92.72,3.3,5.0,Design,1,train,0.8229357998993825
INT-0091,73.45,99.98,4.33,0.0,Design,0,train,0.8235137157909791
INT-0092,62.52,61.11,4.43,7.0,Data Analytics,1,train,0.6091259978576545
INT-0093,70.34,78.35,3.36,1.0,Marketing,0,train,0.5628034032064125
INT-0094,69.59,59.75,3.16,1.0,Marketing,0,train,0.37294220596685607
INT-0095,58.16,70.57,3.09,7.0,Design,0,train,0.46663673791465826
INT-0096,62.27,32.97,3.28,1.0,Web Development,0,train,0.15322539175379377
INT-0097,62.69,69.44,2.49,4.0,Design,1,train,0.36213088352551814
INT-0098,66.42,46.85,3.13,4.0,Design,1,test,0.30383609556245744
INT-0099,99.37,100.0,4.43,6.0,Marketing,1,train,0.9672055328878854
INT-0100,54.65,65.79,4.27,0.0,Data Analytics,1,train,0.37065700211791763
INT-0101,72.16,51.73,3.73,0.0,Design,0,test,0.3835679798852769
INT-0102,100.0,85.48,4.08,3.0,Design,1,test,0.9201458373801277
INT-0103,85.66,77.24,3.18,4.0,Web Development,1,train,0.7551962053014581
INT-0104,74.11,98.54,4.16,7.0,Marketing,1,train,0.8925249003335951
INT-0105,61.81,56.07,2.85,5.0,Data Analytics,0,train,0.3148485722815004
INT-0106,88.71,69.34,3.43,1.0,Data Analytics,1,train,0.6977428711898555
INT-0107,69.78,67.42,2.18,8.0,Marketing,0,train,0.4810306579482946
INT-0108,75.21,68.42,4.14,4.0,Data Analytics,0,train,0.6983018277354832
INT-0109,87.59,67.34,3.02,8.0,Web Development,0,test,0.7660980585972199
INT-0110,49.98,32.98,2.23,8.0,Web Development,0,test,0.10494113252620624
INT-0111,86.96,82.24,3.69,0.0,Design,1,test,0.7741639311269926
INT-0112,78.8,92.82,4.91,4.0,Data Analytics,0,train,0.9035476047014254
INT-0113,69.26,85.12,2.81,3.0,Web Development,0,train,0.5846997155515484
INT-0114,58.54,59.78,2.21,4.0,Marketing,0,train,0.22554835006741586
INT-0115,72.23,77.18,3.05,2.0,Web Development,0,train,0.5589883904820374
INT-0116,75.91,74.01,4.3,5.0,Design,1,train,0.7760661475153244
INT-0117,100.0,66.39,1.55,4.0,Marketing,0,train,0.6403086198764203
INT-0118,60.54,70.2,2.71,1.0,Design,1,train,0.306046560711884
INT-0119,100.0,86.09,5.0,2.0,Marketing,1,train,0.945099613914082
INT-0120,67.05,50.69,3.69,1.0,Marketing,0,test,0.3383368688832065
INT-0121,69.45,60.29,2.11,7.0,Design,1,train,0.3850860129635156
INT-0122,80.98,77.47,3.46,6.0,Marketing,1,test,0.7785829309840905
INT-0123,88.7,85.15,3.56,3.0,Design,1,train,0.8371523292100792
INT-0124,100.0,100.0,4.67,3.0,Marketing,1,test,0.9625086495463521
INT-0125,91.62,88.76,5.0,0.0,Design,1,train,0.9130711663213235
INT-0126,94.32,85.5,3.85,2.0,Web Development,1,train,0.87692900391795
INT-0127,75.04,94.82,3.75,8.0,Design,1,train,0.871897869260257
INT-0128,77.26,58.76,3.36,0.0,Web Development,1,train,0.4525915459821892
INT-0129,72.79,51.6,2.59,1.0,Web Development,0,train,0.2799735018097725
INT-0130,75.81,62.35,2.21,7.0,Web Development,0,train,0.48748339867074886
INT-0131,60.34,75.12,1.97,4.0,Web Development,0,test,0.3203082195456101
INT-0132,50.42,40.6,1.62,0.0,Web Development,0,test,0.04919839096580632
INT-0133,88.35,82.89,3.09,4.0,Design,1,test,0.8017432452486956
INT-0134,74.72,59.71,2.46,6.0,Web Development,0,train,0.46050865777246675
INT-0135,60.24,41.1,2.88,3.0,Web Development,0,test,0.1765531781317699
INT-0136,74.63,40.0,2.05,3.0,Data Analytics,0,train,0.20759080978762745
INT-0137,64.74,94.74,1.36,5.0,Web Development,1,train,0.47522466984716955
INT-0138,99.47,100.0,3.09,5.0,Web Development,1,test,0.9305134703395852
INT-0139,100.0,100.0,4.07,8.0,Marketing,1,train,0.9683696410124435
INT-0140,100.0,100.0,4.43,2.0,Web Development,1,test,0.9536056632644325
INT-0141,69.09,75.98,4.67,2.0,Data Analytics,0,train,0.7093677680243414
INT-0142,69.18,98.61,2.48,1.0,Web Development,0,train,0.6061011065773193
INT-0143,24.01,34.7,2.95,5.0,Design,0,train,0.03874196634254804
INT-0144,88.23,79.86,3.52,4.0,Data Analytics,0,train,0.8193593558792952
INT-0145,51.7,53.42,2.96,3.0,Data Analytics,0,train,0.18603012354421583
INT-0146,72.72,70.57,2.61,6.0,Web Development,1,test,0.5489503033263381
INT-0147,68.24,73.91,3.05,3.0,Web Development,0,test,0.5094319407200371
INT-0148,87.72,68.15,2.79,1.0,Web Development,0,train,0.6028374479728018
INT-0149,91.14,100.0,4.05,4.0,Data Analytics,0,train,0.9314147599022183
INT-0150,73.26,77.86,3.31,3.0,Design,0,train,0.6320158361305286
INT-0151,70.71,73.25,2.66,3.0,Data Analytics,1,train,0.48185808666936236
INT-0152,76.23,42.7,3.58,4.0,Design,0,train,0.4304076912914943
INT-0153,59.92,51.06,2.86,8.0,Design,0,train,0.3234295137077084
INT-0154,67.34,62.34,2.84,1.0,Data Analytics,0,train,0.33127310363372087
INT-0155,74.88,62.62,3.47,2.0,Web Development,1,train,0.5207131952662079
INT-0156,87.08,89.42,4.23,5.0,Data Analytics,1,test,0.9047128701948456
INT-0157,83.71,100.0,2.86,0.0,Design,1,train,0.7779986036019946
INT-0158,74.16,84.04,3.94,1.0,Web Development,1,test,0.7161561622081519
INT-0159,78.53,43.61,2.72,5.0,Web Development,1,test,0.3794917672024887
INT-0160,62.7,43.27,2.15,4.0,Data Analytics,0,train,0.16335548810689224
INT-0161,88.36,55.84,1.78,5.0,Web Development,0,train,0.4733394919451934
INT-0162,56.85,68.05,2.79,1.0,Web Development,0,test,0.2646552069716513
INT-0163,100.0,100.0,4.86,7.0,Data Analytics,1,train,0.9766740280351014
INT-0164,84.48,68.33,2.5,4.0,Marketing,0,train,0.6022290604453625
INT-0165,100.0,76.39,5.0,1.0,Web Development,1,test,0.9181822046811293
INT-0166,58.4,62.32,3.57,2.0,Data Analytics,0,train,0.34483119857879047
INT-0167,93.28,74.64,4.78,2.0,Design,0,train,0.8838069910652014
INT-0168,83.41,69.48,4.15,4.0,Web Development,1,train,0.779354485703654
INT-0169,78.63,56.65,4.62,4.0,Web Development,1,test,0.6999517992196751
INT-0170,70.44,54.71,2.83,3.0,Design,1,train,0.3479532837647539
INT-0171,67.94,76.42,1.28,4.0,Data Analytics,0,train,0.3288691878267164
INT-0172,68.26,88.78,3.31,8.0,Design,1,train,0.7628025494275215
INT-0173,72.98,78.39,3.56,8.0,Data Analytics,1,train,0.7620290927646187
INT-0174,65.34,52.94,2.89,4.0,Data Analytics,0,train,0.3107240449101179
INT-0175,57.83,62.43,2.95,8.0,Data Analytics,0,train,0.40098988314453
INT-0176,64.27,50.1,4.41,7.0,Data Analytics,0,test,0.5348832773989041
INT-0177,100.0,100.0,4.46,7.0,Web Development,1,train,0.9714364430066734
INT-0178,83.89,77.04,4.04,2.0,Marketing,0,train,0.7840234561751819
INT-0179,69.08,78.88,2.68,3.0,Marketing,0,train,0.5134164843949637
INT-0180,79.2,81.89,2.78,3.0,Data Analytics,0,train,0.6634813356293346
INT-0181,81.28,79.08,5.0,0.0,Marketing,1,test,0.823639513908006
INT-0182,70.82,54.54,3.58,0.0,Design,0,test,0.37307269181884184
INT-0183,66.87,55.46,2.76,5.0,Design,0,train,0.3521146997740557
INT-0184,100.0,97.61,3.52,3.0,Marketing,1,test,0.9286559687644819
INT-0185,77.61,88.52,3.16,7.0,Web Development,1,train,0.8051129730185155
INT-0186,100.0,77.42,3.67,6.0,Web Development,1,train,0.904611029057541
INT-0187,75.18,61.2,2.59,0.0,Design,0,train,0.35339321954345315
INT-0188,63.34,42.28,1.74,7.0,Design,0,train,0.17396744478442264
INT-0189,57.43,45.11,2.58,4.0,Design,0,test,0.16904663071323683
INT-0190,100.0,79.35,3.81,5.0,Data Analytics,1,train,0.9080822391390451
INT-0191,96.78,79.67,5.0,8.0,Marketing,1,test,0.9553396310424158
INT-0192,59.76,57.62,3.52,5.0,Web Development,1,train,0.38418578188464664
INT-0193,58.82,67.08,3.39,0.0,Marketing,0,train,0.32104042811876776
INT-0194,93.14,78.85,3.61,1.0,Web Development,1,train,0.8115321228423941
INT-0195,50.01,52.67,2.76,3.0,Data Analytics,0,train,0.15654983630043992
INT-0196,69.58,72.5,3.21,0.0,Marketing,1,test,0.46069124623025093
INT-0197,82.35,64.07,4.22,1.0,Design,0,test,0.6839547873430206
INT-0198,96.22,62.8,3.14,7.0,Data Analytics,1,test,0.8018675371459385
INT-0199,60.55,86.26,4.15,1.0,Data Analytics,1,train,0.6170890135386256
INT-0200,77.75,63.53,3.32,1.0,Data Analytics,0,test,0.5179421407207715
INT-0201,71.45,69.37,4.12,4.0,Data Analytics,1,train,0.6651412422055158
INT-0202,92.77,100.0,3.76,0.0,Marketing,0,test,0.895041300245497
INT-0203,80.68,69.16,2.18,2.0,Data Analytics,0,train,0.4762017894025614
INT-0204,63.76,97.77,3.91,8.0,Data Analytics,0,test,0.8287530893621959
INT-0205,51.67,45.2,2.88,5.0,Marketing,0,train,0.16746658653132288
INT-0206,96.35,66.42,3.78,8.0,Marketing,1,train,0.876274308034646
INT-0207,61.66,65.22,3.27,3.0,Data Analytics,0,train,0.3894012346600974
INT-0208,63.53,56.99,2.55,5.0,Design,0,test,0.3053012165689661
INT-0209,75.96,72.24,2.4,2.0,Design,0,test,0.47612798036437626
INT-0210,71.68,58.98,3.62,3.0,Design,1,test,0.4964247992192595
INT-0211,85.01,87.23,4.16,1.0,Web Development,1,train,0.8393105116730751
INT-0212,36.67,49.92,2.34,7.0,Marketing,0,train,0.09742390412673484
INT-0213,84.84,82.35,4.19,1.0,Marketing,1,test,0.81677327176113
INT-0214,70.09,49.9,2.54,1.0,Design,0,train,0.239750170038546
INT-0215,63.29,80.99,2.83,4.0,Marketing,0,train,0.507947753314508
INT-0216,93.3,94.57,5.0,3.0,Data Analytics,0,train,0.9488492353126832
INT-0217,79.7,62.17,4.28,2.0,Design,0,train,0.671029436744084
INT-0218,91.44,100.0,3.82,3.0,Marketing,1,test,0.9172396222224153
INT-0219,81.9,100.0,3.52,2.0,Design,1,train,0.8465960290082291
INT-0220,54.87,74.89,3.16,8.0,Marketing,1,train,0.49860038512133087
INT-0221,85.34,88.4,1.37,5.0,Web Development,1,train,0.6566232952000502
INT-0222,67.42,77.08,2.89,8.0,Marketing,1,train,0.6253517826969941
INT-0223,73.85,51.56,3.45,8.0,Marketing,1,train,0.5581326896556146
INT-0224,82.05,28.83,2.61,5.0,Design,1,train,0.2914377817134597
INT-0225,90.54,77.02,3.62,7.0,Design,1,train,0.8661718300211192
INT-0226,82.17,67.36,4.3,0.0,Design,0,train,0.6941616729827798
INT-0227,100.0,99.48,4.43,8.0,Web Development,1,train,0.9731673940789632
INT-0228,98.98,100.0,3.6,4.0,Design,1,train,0.9393086598135761
INT-0229,66.79,66.97,3.2,6.0,Marketing,1,train,0.5261648638838051
INT-0230,74.35,47.06,3.03,2.0,Data Analytics,0,train,0.3317487646206813
INT-0231,56.6,42.3,2.56,0.0,Data Analytics,0,train,0.10645650858599168
INT-0232,69.42,83.69,2.9,7.0,Web Development,1,test,0.6765618493619552
INT-0233,80.27,62.0,5.0,4.0,Web Development,1,test,0.7863483004238007
INT-0234,80.46,100.0,2.43,1.0,Design,1,test,0.7265000281626196
INT-0235,62.63,53.55,2.76,5.0,Web Development,0,train,0.29483861393176897
INT-0236,77.99,69.17,3.07,0.0,Design,0,train,0.5118575476388
INT-0237,34.25,53.01,1.78,4.0,Data Analytics,1,train,0.05638944342405901
INT-0238,73.83,79.78,3.95,6.0,Web Development,0,train,0.7787249604379469
INT-0239,54.93,67.73,3.44,6.0,Design,1,train,0.42647964210137207
INT-0240,71.7,47.41,3.1,4.0,Web Development,0,train,0.3589223563537719
INT-0241,61.84,73.56,2.77,3.0,Design,0,train,0.39713497229633793
INT-0242,91.45,58.55,3.27,7.0,Design,1,test,0.7500766914820788
INT-0243,58.46,47.51,2.45,1.0,Web Development,0,train,0.13905735029422853
INT-0244,44.34,52.14,2.61,0.0,Web Development,1,train,0.08813230868319531
INT-0245,100.0,100.0,4.33,1.0,Marketing,1,train,0.9465204049838531
INT-0246,52.23,56.12,2.93,7.0,Marketing,0,test,0.2719707252988363
INT-0247,56.88,42.64,3.38,4.0,Data Analytics,1,train,0.21649698579887955
INT-0248,100.0,82.49,3.46,0.0,Design,1,test,0.8490833421214329
INT-0249,100.0,100.0,4.12,1.0,Web Development,1,train,0.9407171879391911
INT-0250,70.53,55.86,1.59,0.0,Data Analytics,0,train,0.17915110176511223
INT-0251,65.1,82.2,3.82,7.0,Design,1,train,0.7240456191525647
INT-0252,76.59,76.84,3.75,4.0,Data Analytics,1,train,0.7285658670983364
INT-0253,95.64,79.99,4.62,0.0,Web Development,1,train,0.8851924168262136
INT-0254,58.53,69.74,1.91,1.0,Design,1,train,0.20690211575096193
INT-0255,85.56,62.89,4.53,5.0,Marketing,1,test,0.8073163423942947
INT-0256,95.17,89.23,3.36,5.0,Web Development,1,test,0.8973627092184351
INT-0257,100.0,69.89,3.74,7.0,Marketing,1,test,0.8935131193287774
INT-0258,95.41,89.0,3.81,0.0,Marketing,0,train,0.8718648249049887
INT-0259,65.82,57.59,2.64,0.0,Web Development,0,train,0.24297681588904835
INT-0260,59.46,45.28,2.33,0.0,Data Analytics,0,train,0.11789294505868309
INT-0261,62.9,69.69,3.41,3.0,Design,0,train,0.45830261743469725
INT-0262,66.49,52.45,5.0,6.0,Data Analytics,0,train,0.6299841286672302
INT-0263,74.95,80.34,3.73,5.0,Marketing,1,train,0.7535151791677899
INT-0264,59.65,85.68,4.25,1.0,Web Development,0,test,0.614812575843527
INT-0265,74.08,72.68,4.48,5.0,Marketing,1,train,0.7696010238776212
INT-0266,90.74,93.74,4.16,5.0,Design,1,train,0.9263314439973643
INT-0267,68.01,35.99,2.79,1.0,Web Development,0,train,0.16875880613509886
INT-0268,91.35,77.08,4.32,6.0,Marketing,1,test,0.8978486607621387
INT-0269,69.57,68.47,2.38,3.0,Marketing,1,train,0.39318708681509773
INT-0270,100.0,60.54,4.52,0.0,Marketing,1,train,0.822167526517721
INT-0271,63.38,75.6,3.18,3.0,Data Analytics,1,train,0.4842077634241581
INT-0272,83.15,72.5,1.7,6.0,Web Development,0,test,0.5681218767395062
INT-0273,63.68,67.96,3.11,6.0,Marketing,0,train,0.48675961034742943
INT-0274,100.0,100.0,4.9,2.0,Marketing,1,train,0.9632934875293008
INT-0275,100.0,70.34,4.02,6.0,Web Development,1,test,0.8993863724192837
INT-0276,86.37,62.33,4.09,3.0,Data Analytics,1,train,0.7364012262593612
INT-0277,53.85,73.25,2.42,4.0,Web Development,0,train,0.2923594225570765
INT-0278,64.53,24.66,1.93,0.0,Design,0,train,0.06375964539686405
INT-0279,83.46,80.33,3.95,8.0,Design,1,test,0.8721466798534068
INT-0280,96.3,70.61,3.55,7.0,Marketing,1,test,0.86770182396335
INT-0281,92.81,100.0,3.4,1.0,Data Analytics,1,train,0.8865133829603027
INT-0282,54.53,54.85,3.39,5.0,Web Development,0,test,0.29380601607944035
INT-0283,66.62,79.04,3.27,7.0,Web Development,0,train,0.6551608156088128
INT-0284,74.53,97.53,3.85,4.0,Marketing,1,train,0.8386206580328208
INT-0285,69.33,43.87,2.89,1.0,Data Analytics,0,train,0.22921232604628455
INT-0286,83.53,78.58,2.07,8.0,Data Analytics,0,train,0.7081508092021893
INT-0287,92.78,57.2,2.61,2.0,Web Development,1,test,0.5704865845158573
INT-0288,62.81,87.87,3.43,3.0,Data Analytics,0,test,0.6125493656854443
INT-0289,76.93,61.64,4.64,3.0,Design,1,train,0.7007149036514054
INT-0290,86.71,55.95,3.75,8.0,Design,1,train,0.7571568832850091
INT-0291,57.89,64.93,2.07,4.0,Design,0,train,0.23843458164423065
INT-0292,80.06,78.32,1.3,6.0,Marketing,1,train,0.5301371762737568
INT-0293,100.0,88.62,4.65,8.0,Web Development,1,train,0.9656279770687951
INT-0294,39.06,38.69,2.05,8.0,Web Development,0,train,0.07238955778946202
INT-0295,56.16,60.05,4.08,7.0,Web Development,0,train,0.4824538451583357
INT-0296,77.21,83.51,2.87,8.0,Marketing,1,test,0.7642658414330723
INT-0297,78.87,82.93,3.79,8.0,Design,1,train,0.8470873265840053
INT-0298,71.31,65.2,3.81,8.0,Data Analytics,0,test,0.6828762025196161
INT-0299,47.77,37.71,2.21,5.0,Design,0,train,0.08406063628828868
INT-0300,78.16,79.37,3.27,1.0,Design,0,train,0.6466188964913839
INT-0301,100.0,100.0,4.28,1.0,Data Analytics,0,train,0.9451892940035959
INT-0302,60.95,76.32,3.01,7.0,Design,1,train,0.5375063792318013
INT-0303,87.05,98.97,3.82,2.0,Design,1,train,0.8878104674090682
INT-0304,69.3,80.41,3.92,7.0,Data Analytics,1,train,0.7596944139104829
INT-0305,78.06,100.0,3.05,8.0,Data Analytics,1,train,0.8665490412264559
INT-0306,44.05,62.38,1.94,5.0,Design,0,train,0.13449222220069604
INT-0307,78.09,73.43,4.62,6.0,Design,1,train,0.8304024153356327
INT-0308,96.19,100.0,3.63,2.0,Design,1,train,0.9190851539091176
INT-0309,86.55,67.2,3.29,3.0,Web Development,0,train,0.6868974287015029
INT-0310,100.0,93.5,4.22,8.0,Design,1,train,0.9636718201620814
INT-0311,74.96,83.75,4.04,7.0,Marketing,1,train,0.8306674848465221
INT-0312,64.41,88.09,3.35,1.0,Data Analytics,1,train,0.5752176573251779
INT-0313,100.0,97.46,4.26,8.0,Design,1,test,0.9687438655485291
INT-0314,84.07,80.96,3.59,4.0,Data Analytics,1,test,0.8009701542610914
INT-0315,91.29,100.0,3.94,7.0,Data Analytics,1,test,0.9453809687319257
INT-0316,69.23,79.34,1.6,4.0,Marketing,1,test,0.40431239866718266
INT-0317,85.58,70.8,4.75,5.0,Data Analytics,1,train,0.8602406435427301
INT-0318,77.56,51.46,2.95,1.0,Design,0,train,0.3681054664442023
INT-0319,96.69,100.0,4.3,3.0,Design,1,test,0.947803616632075
INT-0320,58.9,63.98,1.85,6.0,Marketing,0,train,0.2561972211088486
INT-0321,67.88,62.03,3.46,7.0,Design,0,train,0.5547813124994996
INT-0322,83.02,64.57,2.83,0.0,Design,0,train,0.5000005611648675
INT-0323,100.0,93.06,5.0,0.0,Marketing,1,train,0.9472450419085328
INT-0324,94.96,94.92,3.37,6.0,Marketing,1,train,0.9209279959970604
INT-0325,94.69,100.0,4.84,4.0,Design,1,test,0.9602440207697823
INT-0326,94.97,87.67,3.31,7.0,Data Analytics,1,test,0.9067884853556702
INT-0327,64.6,55.04,2.3,0.0,Data Analytics,1,train,0.18896544095654966
INT-0328,92.65,71.83,3.19,3.0,Web Development,0,train,0.7640538736214173
INT-0329,52.83,43.81,3.71,0.0,Design,0,train,0.16062818259483785
INT-0330,68.48,60.05,1.82,6.0,Design,0,train,0.31655349282812484
INT-0331,100.0,96.45,3.23,7.0,Marketing,1,train,0.9408301836326576
INT-0332,87.5,81.72,2.36,1.0,Data Analytics,1,test,0.6560126471614924
INT-0333,57.04,34.42,2.29,2.0,Data Analytics,0,train,0.08944190444453874
INT-0334,67.95,50.22,2.33,7.0,Data Analytics,0,test,0.31728286959382296
INT-0335,84.25,73.31,2.29,0.0,Design,1,test,0.5185108695511538
INT-0336,61.85,48.6,2.28,8.0,Design,0,train,0.2623938413377736
INT-0337,70.8,57.81,1.65,7.0,Data Analytics,0,train,0.32545835648539023
INT-0338,79.78,83.82,2.84,1.0,Marketing,1,train,0.6473791927563224
INT-0339,100.0,75.38,4.82,1.0,Web Development,1,train,0.9080402851295893
INT-0340,77.52,58.95,3.99,6.0,Design,1,train,0.6773097020890986
INT-0341,40.05,30.46,2.39,0.0,Marketing,0,test,0.03264934035380433
INT-0342,82.37,87.57,2.85,4.0,Data Analytics,0,test,0.7601807481336256
INT-0343,87.8,96.78,2.36,0.0,Marketing,0,test,0.7454913972345908
INT-0344,68.82,89.57,2.81,4.0,Marketing,1,test,0.6389348325522767
INT-0345,87.52,77.3,4.18,3.0,Marketing,1,train,0.8371717170398326
INT-0346,28.74,35.74,2.98,6.0,Data Analytics,1,test,0.05505891786101944
INT-0347,70.05,66.14,3.74,7.0,Web Development,1,train,0.6471278222761482
INT-0348,75.09,83.94,4.14,4.0,Data Analytics,1,train,0.7960976934498645
INT-0349,52.01,54.24,2.09,5.0,Web Development,0,test,0.1556761400378292
INT-0350,100.0,82.78,4.16,5.0,Marketing,1,train,0.9301617653057825
INT-0351,76.74,78.8,3.36,8.0,Marketing,0,train,0.7770762555800118
INT-0352,92.16,91.43,3.68,2.0,Marketing,1,train,0.8783326188489039
INT-0353,67.01,74.42,4.54,2.0,Web Development,0,train,0.6625937773382153
INT-0354,96.11,73.74,2.57,3.0,Marketing,1,train,0.7462457344543725
INT-0355,97.71,84.26,3.77,6.0,Marketing,1,test,0.9189309883174946
INT-0356,74.34,37.87,4.36,7.0,Marketing,1,test,0.5413355876553871
INT-0357,79.6,67.05,2.49,2.0,Marketing,0,train,0.4859572720436681
INT-0358,92.22,68.98,3.08,0.0,Design,1,train,0.6699649140314824
INT-0359,69.85,43.91,2.6,5.0,Data Analytics,1,train,0.27936911148289495
INT-0360,61.96,71.96,3.17,5.0,Web Development,1,test,0.48420969201229486
INT-0361,82.42,68.78,2.21,3.0,Marketing,1,train,0.5214661221733454
INT-0362,72.52,46.51,4.01,1.0,Web Development,0,test,0.4031714723589736
INT-0363,100.0,91.01,4.37,7.0,Data Analytics,1,train,0.9598347259671124
INT-0364,73.42,42.07,3.23,7.0,Marketing,0,train,0.4203104263925128
INT-0365,79.15,76.8,2.73,6.0,Web Development,0,train,0.6835221318897556
INT-0366,100.0,77.76,4.2,5.0,Marketing,1,train,0.9197566956788807
INT-0367,65.5,60.52,2.4,2.0,Web Development,0,train,0.27266902337111715
INT-0368,73.27,54.88,2.76,3.0,Web Development,1,train,0.37121172804208963
INT-0369,77.12,79.48,5.0,0.0,Web Development,1,train,0.795976537096856
INT-0370,92.18,87.26,3.89,2.0,Web Development,1,train,0.8748840236104536
INT-0371,86.88,68.61,2.57,4.0,Web Development,1,test,0.639296594381066
INT-0372,90.99,71.76,4.19,3.0,Web Development,1,train,0.8341453370715184
INT-0373,83.83,65.03,2.88,0.0,Marketing,0,test,0.5198225200915949
INT-0374,77.84,77.29,2.98,8.0,Web Development,1,test,0.7409502373975881
INT-0375,75.11,80.75,2.95,2.0,Web Development,1,train,0.6083971073830485
INT-0376,92.3,100.0,4.25,4.0,Marketing,1,train,0.9408413269887714
INT-0377,82.43,77.47,3.95,4.0,Web Development,1,train,0.7996978334491199
INT-0378,68.04,36.03,2.8,4.0,Data Analytics,0,test,0.21522581839928823
INT-0379,100.0,84.16,4.57,7.0,Data Analytics,1,test,0.9545442407564355
INT-0380,55.33,60.78,2.4,6.0,Web Development,0,train,0.2582831349904075
INT-0381,86.76,76.89,3.08,7.0,Design,1,train,0.8032237697914356
INT-0382,100.0,97.5,4.25,3.0,Marketing,1,train,0.9498827014643586
INT-0383,51.0,72.66,2.16,2.0,Data Analytics,1,train,0.203112903814335
INT-0384,61.49,42.61,2.58,3.0,Design,1,train,0.16990794623791072
INT-0385,35.5,45.35,2.91,5.0,Web Development,0,train,0.08825927705210447
INT-0386,69.55,65.26,2.76,3.0,Web Development,1,train,0.4142028636587497
INT-0387,73.52,78.71,3.78,4.0,Web Development,1,test,0.7158229266311199
INT-0388,87.33,73.38,4.78,1.0,Web Development,0,train,0.8336536785298981
INT-0389,66.26,54.73,3.42,5.0,Data Analytics,1,train,0.42070472708831497
INT-0390,63.65,42.24,3.52,6.0,Data Analytics,0,train,0.3280615535711558
INT-0391,55.9,20.01,2.64,4.0,Design,0,train,0.07677483605360802
INT-0392,70.93,48.7,2.4,7.0,Data Analytics,1,train,0.3445580274883108
INT-0393,60.03,53.31,2.39,8.0,Web Development,0,train,0.288914806179728
INT-0394,62.87,64.69,3.05,8.0,Data Analytics,1,train,0.4905039337380259
INT-0395,85.16,91.4,3.15,0.0,Data Analytics,1,test,0.7648435305790366
INT-0396,74.12,82.63,3.41,7.0,Data Analytics,1,train,0.7659627556675457
INT-0397,73.13,71.51,4.21,3.0,Web Development,1,train,0.6870763107823108
INT-0398,85.74,72.02,4.39,4.0,Data Analytics,0,test,0.8294209736463245
INT-0399,80.92,54.47,3.88,3.0,Data Analytics,0,train,0.5979826386891544
INT-0400,57.38,53.8,2.74,2.0,Web Development,1,test,0.19609939223272102
INT-0401,69.94,74.71,1.85,7.0,Web Development,0,train,0.47766419563586504
INT-0402,91.47,86.7,3.55,5.0,Data Analytics,0,train,0.881717409590593
INT-0403,95.52,75.15,3.83,8.0,Data Analytics,1,train,0.9039796530412637
INT-0404,71.19,80.43,3.33,8.0,Marketing,0,train,0.7370078079803768
INT-0405,91.49,59.12,5.0,3.0,Design,1,train,0.8360676184283515
INT-0406,62.67,50.28,4.14,6.0,Data Analytics,1,train,0.45847463284932655
INT-0407,76.68,80.05,3.89,4.0,Web Development,1,test,0.7637988698514437
INT-0408,91.09,100.0,3.14,4.0,Web Development,1,train,0.8940917410171698
INT-0409,45.4,47.02,2.04,6.0,Marketing,0,train,0.10225382428773355
INT-0410,64.2,50.69,2.69,6.0,Marketing,0,train,0.30255726660396287
INT-0411,49.45,17.55,2.12,8.0,Marketing,0,train,0.060047216685131216
INT-0412,50.43,6.35,2.58,6.0,Data Analytics,0,train,0.04554142371445836
INT-0413,74.02,62.96,3.31,5.0,Web Development,0,test,0.5656404228989792
INT-0414,59.32,78.98,3.01,8.0,Web Development,1,train,0.5652898799040151
INT-0415,85.91,51.96,4.1,0.0,Design,1,test,0.5903175695266352
INT-0416,50.29,76.08,3.57,6.0,Marketing,0,train,0.4600470531671887
INT-0417,87.09,91.04,2.73,3.0,Web Development,1,train,0.7910682653228361
INT-0418,100.0,100.0,4.03,3.0,Design,1,test,0.9484719853473792
INT-0419,73.86,72.81,3.56,7.0,Web Development,1,test,0.7144669039936767
INT-0420,82.29,100.0,4.76,2.0,Data Analytics,1,train,0.9145817092326309
INT-0421,68.35,73.59,3.21,7.0,Web Development,0,test,0.6237533258048548
INT-0422,76.55,56.99,3.56,4.0,Design,1,train,0.5525196827484836
INT-0423,50.46,77.39,3.23,3.0,Web Development,1,test,0.35958221700733545
INT-0424,68.56,34.61,1.74,2.0,Design,1,train,0.11263473847669637
INT-0425,65.02,97.19,1.97,3.0,Design,1,train,0.5297599320630851
INT-0426,61.06,71.53,4.01,8.0,Web Development,1,test,0.6478903300124199
INT-0427,83.42,90.19,4.64,0.0,Marketing,1,train,0.8619846684977521
INT-0428,91.92,100.0,4.49,4.0,Data Analytics,1,train,0.9465279676290957
INT-0429,67.31,76.17,3.76,7.0,Marketing,1,test,0.696545928161074
INT-0430,90.82,89.38,4.34,4.0,Data Analytics,1,train,0.9155142072062633
INT-0431,46.24,32.88,3.36,5.0,Web Development,1,train,0.11647954551153386
INT-0432,80.61,99.24,3.0,3.0,Marketing,0,train,0.8099281437207094
INT-0433,67.53,65.13,4.55,1.0,Design,1,test,0.5720818490086492
INT-0434,65.3,44.21,2.86,5.0,Web Development,0,test,0.2662282934592238
INT-0435,77.5,68.94,3.59,8.0,Marketing,1,train,0.7441977642728542
INT-0436,85.57,69.69,2.63,4.0,Data Analytics,1,train,0.6409170016825999
INT-0437,70.19,54.34,3.31,3.0,Design,1,train,0.40065317619955343
INT-0438,51.4,56.29,1.7,1.0,Design,0,train,0.09600239215904864
INT-0439,62.07,57.55,3.56,8.0,Data Analytics,1,train,0.48670776801045446
INT-0440,75.97,100.0,2.95,7.0,Marketing,1,train,0.835345381584916
INT-0441,62.6,96.72,3.56,8.0,Marketing,1,train,0.7867025529883738
INT-0442,83.55,77.91,3.2,3.0,Data Analytics,1,test,0.7239211584694147
INT-0443,70.79,78.69,3.4,5.0,Data Analytics,1,test,0.6673511371963821
INT-0444,74.69,87.9,3.53,3.0,Data Analytics,0,train,0.7433786730022459
INT-0445,69.4,82.0,3.12,2.0,Web Development,1,test,0.5758927843937149
INT-0446,39.3,43.77,3.98,1.0,Web Development,0,train,0.11443003203554461
INT-0447,85.42,83.18,4.9,3.0,Design,1,test,0.8922719145303097
INT-0448,64.27,80.4,3.48,4.0,Design,0,train,0.5975316566253785
INT-0449,84.89,82.3,3.94,1.0,Data Analytics,1,test,0.7966192477979123
INT-0450,100.0,77.61,4.18,6.0,Web Development,1,train,0.9256103544586004
INT-0451,76.73,47.76,4.13,4.0,Marketing,0,train,0.5501493731280667
INT-0452,85.34,87.44,2.99,7.0,Marketing,1,train,0.839289124123654
INT-0453,87.55,100.0,4.32,2.0,Web Development,1,test,0.9158168272200179
INT-0454,100.0,100.0,3.16,0.0,Data Analytics,1,train,0.8973083466844993
INT-0455,81.12,93.58,4.22,2.0,Data Analytics,1,train,0.8602266569070173
INT-0456,70.0,62.72,4.93,8.0,Web Development,0,train,0.7692153693576832
INT-0457,100.0,92.53,3.99,2.0,Web Development,1,test,0.9268983199053107
INT-0458,54.13,45.27,1.49,6.0,Web Development,0,train,0.1079466325862959
INT-0459,79.8,74.14,3.99,7.0,Data Analytics,1,train,0.8118809492985589
INT-0460,71.78,82.4,2.75,2.0,Web Development,1,train,0.559197614775147
INT-0461,84.04,78.45,3.09,5.0,Web Development,1,train,0.7582629042962243
INT-0462,59.93,38.89,3.42,1.0,Web Development,0,train,0.17595269122630477
INT-0463,53.04,28.16,2.78,3.0,Data Analytics,0,test,0.08569759336124906
INT-0464,46.62,19.5,2.02,2.0,Marketing,0,test,0.030665043818702758
INT-0465,55.01,61.0,2.39,6.0,Web Development,0,train,0.25587830354294205
INT-0466,76.43,93.56,3.26,7.0,Web Development,1,train,0.8302317386293212
INT-0467,76.28,86.38,2.97,2.0,Marketing,1,train,0.6675422579134924
INT-0468,100.0,76.45,3.59,2.0,Design,1,train,0.856257279825145
INT-0469,89.18,100.0,3.72,7.0,Data Analytics,1,train,0.9333110141097347
INT-0470,72.5,69.72,3.16,4.0,Data Analytics,0,train,0.5616805868224759
INT-0471,80.51,55.93,3.45,4.0,Data Analytics,1,train,0.5748742300671749
INT-0472,69.23,61.24,2.21,6.0,Design,0,train,0.37953753552284736
INT-0473,75.07,82.79,3.95,1.0,Web Development,1,test,0.7171639227795716
INT-0474,97.56,82.67,1.58,7.0,Web Development,1,train,0.7901636359143365
INT-0475,73.26,63.58,3.4,3.0,Design,1,train,0.5253392627048324
INT-0476,80.95,75.12,2.8,5.0,Design,0,test,0.6759713798357626
INT-0477,73.96,59.1,4.04,3.0,Data Analytics,0,test,0.577902628752396
INT-0478,64.19,50.61,3.22,6.0,Data Analytics,0,train,0.36289601468159943
INT-0479,93.84,88.03,4.19,5.0,Marketing,0,train,0.9239325272001568
INT-0480,100.0,100.0,4.2,1.0,Marketing,1,train,0.9429944306742475
INT-0481,82.83,68.58,3.92,1.0,Marketing,1,train,0.6882469333220254
INT-0482,92.46,100.0,4.25,7.0,Marketing,1,train,0.9555014028974601
INT-0483,79.59,87.11,2.25,4.0,Web Development,1,train,0.6674766551576347
INT-0484,83.61,99.63,5.0,2.0,Marketing,1,train,0.9272010186763319
INT-0485,69.35,83.33,2.36,1.0,Marketing,0,train,0.4641145220780962
INT-0486,72.72,84.41,3.61,1.0,Marketing,1,train,0.6680866575259855
INT-0487,69.07,69.79,3.28,8.0,Data Analytics,1,train,0.6326489030867808
INT-0488,76.35,82.6,3.81,8.0,Data Analytics,1,train,0.831162537137951
INT-0489,58.02,59.63,2.63,3.0,Web Development,0,train,0.2419220444855097
INT-0490,73.72,79.33,4.31,1.0,Design,1,train,0.7184901833575127
INT-0491,97.1,72.39,2.85,3.0,Marketing,1,train,0.7728242956652419
INT-0492,88.58,64.49,3.54,1.0,Web Development,0,train,0.6731733805048351
INT-0493,76.31,63.47,2.86,4.0,Marketing,1,train,0.5141044657471036
INT-0494,94.01,82.64,3.15,5.0,Marketing,1,test,0.855790002693015
INT-0495,74.56,87.23,3.55,8.0,Marketing,1,train,0.8224619979509233
INT-0496,95.02,86.38,4.62,2.0,Data Analytics,1,train,0.9188238366213848
INT-0497,55.4,56.75,2.24,1.0,Data Analytics,0,train,0.14678727501622435
INT-0498,72.39,81.74,3.78,1.0,Data Analytics,1,train,0.664109063956628
INT-0499,44.82,36.91,2.44,3.0,Design,0,test,0.06732760712383505
INT-0500,79.21,56.4,2.03,5.0,Design,0,test,0.40533305586762586
INT-0501,92.57,90.41,3.9,0.0,Web Development,1,train,0.8676400416579789
INT-0502,83.87,100.0,3.64,6.0,Data Analytics,0,test,0.9048693559277026
INT-0503,72.27,69.39,2.55,4.0,Design,1,train,0.47725099401136245
INT-0504,59.48,31.29,2.95,7.0,Design,0,test,0.1850539779681291
INT-0505,22.45,26.83,2.08,4.0,Web Development,0,test,0.016275110472164685
INT-0506,81.62,86.38,2.01,1.0,Web Development,0,train,0.5863281763471033
INT-0507,100.0,100.0,3.45,0.0,Design,1,train,0.9103916352808784
INT-0508,72.98,85.23,3.91,5.0,Design,0,train,0.7834513286564135
INT-0509,82.05,70.69,2.55,4.0,Design,1,train,0.6006290040689329
INT-0510,90.77,64.93,3.84,7.0,Marketing,0,train,0.8293378281190346
INT-0511,43.5,54.17,3.17,7.0,Web Development,0,test,0.20877549534052067
INT-0512,91.61,47.73,2.36,1.0,Design,1,train,0.42053374238238334
INT-0513,85.98,64.83,2.46,2.0,Marketing,0,train,0.5372740663328617
INT-0514,76.69,85.68,4.53,1.0,Data Analytics,1,train,0.8030870904864251
INT-0515,100.0,89.65,4.04,0.0,Web Development,1,train,0.9065935859992306
INT-0516,84.42,73.25,3.28,0.0,Data Analytics,1,train,0.6444190370344474
INT-0517,87.08,88.94,3.08,0.0,Web Development,1,train,0.759250040905615
INT-0518,61.76,60.14,2.7,4.0,Data Analytics,1,train,0.30642889250520944
INT-0519,96.39,86.54,3.02,1.0,Design,1,train,0.8272527424357025
INT-0520,100.0,100.0,4.83,1.0,Data Analytics,1,train,0.9582503920800566
INT-0521,64.56,46.29,2.37,1.0,Design,0,train,0.1648535741362802
INT-0522,57.67,58.36,3.72,6.0,Design,0,train,0.41525912946187
INT-0523,98.0,89.0,3.79,5.0,Marketing,1,train,0.9252276720769581
INT-0524,74.62,46.74,2.57,8.0,Web Development,1,train,0.4128525488703985
INT-0525,84.32,81.57,3.8,1.0,Web Development,1,train,0.7757641815372139
INT-0526,57.09,86.87,1.34,1.0,Data Analytics,0,train,0.24531873009594923
INT-0527,100.0,100.0,4.04,4.0,Design,1,test,0.9532703776374467
INT-0528,53.82,55.57,3.35,5.0,Data Analytics,1,train,0.28776323863477066
INT-0529,83.67,54.57,4.11,1.0,Data Analytics,1,test,0.6112937813493827
INT-0530,95.13,95.47,2.86,1.0,Marketing,1,train,0.849227599337879
INT-0531,86.02,88.07,4.03,3.0,Design,1,test,0.8648643776051393
INT-0532,59.89,54.33,3.5,0.0,Data Analytics,1,test,0.2542322382908891
INT-0533,78.31,83.12,4.05,3.0,Design,1,train,0.7924152403079158
INT-0534,80.36,84.16,3.59,6.0,Web Development,1,test,0.8211205711123543
INT-0535,57.22,53.55,3.33,4.0,Data Analytics,0,test,0.28395967549068996
INT-0536,94.29,63.5,2.69,3.0,Web Development,1,train,0.6699060287814472
INT-0537,65.83,76.5,3.63,4.0,Marketing,1,train,0.6017917245163497
INT-0538,100.0,85.68,3.43,8.0,Data Analytics,1,train,0.9309394741287874
INT-0539,34.54,45.78,1.05,4.0,Web Development,0,train,0.031382805740059125
INT-0540,69.93,48.02,2.22,4.0,Marketing,0,train,0.24991400552661164
INT-0541,63.62,47.5,2.56,8.0,Web Development,0,train,0.30087536469868614
INT-0542,73.03,63.71,2.41,1.0,Data Analytics,0,test,0.3509940765491849
INT-0543,100.0,73.81,3.79,0.0,Web Development,0,train,0.8324982490170881
INT-0544,67.86,74.8,2.04,4.0,Design,1,train,0.40682763087488977
INT-0545,60.66,64.22,1.78,2.0,Marketing,1,train,0.19740911278579334
INT-0546,65.83,60.37,4.28,1.0,Design,1,train,0.4772277076753632
INT-0547,87.45,97.73,4.13,1.0,Data Analytics,1,train,0.8917277535226831
INT-0548,68.86,70.55,2.16,7.0,Marketing,0,train,0.47000513476531725
INT-0549,88.92,72.66,3.75,5.0,Marketing,1,test,0.8199658005032464
INT-0550,76.05,90.56,4.44,6.0,Design,1,train,0.8790305412745761
INT-0551,91.06,67.76,3.89,1.0,Marketing,1,train,0.7560621144698384
INT-0552,73.54,64.32,3.78,3.0,Marketing,0,train,0.583512056450998
INT-0553,93.74,91.22,4.31,5.0,Data Analytics,1,train,0.9348299939103645
INT-0554,100.0,80.7,3.91,4.0,Web Development,1,train,0.9081119601537869
INT-0555,80.45,83.58,3.38,6.0,Design,1,train,0.8020611091688332
INT-0556,79.53,63.55,3.23,6.0,Web Development,1,train,0.6448459214629618
INT-0557,62.52,56.98,2.83,3.0,Design,0,train,0.2851356320627016
INT-0558,45.45,61.22,2.61,7.0,Design,1,train,0.21539640750464523
INT-0559,54.55,60.23,2.83,2.0,Data Analytics,0,train,0.21810214591198823
INT-0560,54.63,46.21,2.98,0.0,Design,0,test,0.13381773550767476
INT-0561,62.54,80.92,2.63,8.0,Data Analytics,1,train,0.5697758249824512
INT-0562,99.9,78.94,4.13,0.0,Design,0,train,0.8754691962683637
INT-0563,81.44,55.23,2.74,2.0,Web Development,1,train,0.439522913118429
INT-0564,71.08,57.37,2.86,1.0,Data Analytics,0,train,0.33463276108472384
INT-0565,87.51,100.0,3.64,2.0,Marketing,1,train,0.8840608638216229
INT-0566,86.62,100.0,4.02,3.0,Web Development,1,test,0.9076442710746695
INT-0567,85.41,79.49,1.84,1.0,Data Analytics,0,train,0.5503570810749788
INT-0568,68.54,44.89,3.7,4.0,Web Development,0,test,0.3773264350834641
INT-0569,90.98,87.64,3.2,8.0,Marketing,1,train,0.8936755053377801
INT-0570,78.67,86.92,4.35,1.0,Data Analytics,0,test,0.8094501341114609
INT-0571,54.3,58.99,2.34,8.0,Web Development,1,train,0.26898736964322606
INT-0572,62.98,81.9,3.33,3.0,Web Development,1,test,0.5524787971296757
INT-0573,61.89,81.28,4.87,5.0,Marketing,0,train,0.7566956347417861
INT-0574,62.79,56.59,2.76,3.0,Data Analytics,0,test,0.2776319310866493
INT-0575,81.22,66.52,4.36,2.0,Data Analytics,0,train,0.7257653969132768
INT-0576,44.77,22.15,2.7,0.0,Design,0,train,0.035881457169001506
INT-0577,96.36,98.13,4.36,5.0,Data Analytics,1,train,0.9546309862212683
INT-0578,96.01,94.57,4.07,8.0,Design,1,train,0.954826999093999
INT-0579,52.9,75.77,3.87,4.0,Web Development,0,train,0.47787751935998074
INT-0580,73.94,59.09,3.1,5.0,Design,1,train,0.5048565319520546
INT-0581,48.33,42.47,1.51,5.0,Data Analytics,0,train,0.07147893538280714
INT-0582,65.68,82.26,2.37,3.0,Design,1,train,0.4624384949214224
INT-0583,62.35,68.4,3.32,1.0,Design,0,train,0.3825687834058998
INT-0584,64.57,53.98,2.71,4.0,Data Analytics,0,train,0.2909626806589459
INT-0585,98.23,87.76,4.25,7.0,Web Development,1,test,0.9487481618605568
INT-0586,100.0,100.0,5.0,2.0,Data Analytics,1,train,0.9650880202126646
INT-0587,60.57,38.84,2.13,7.0,Data Analytics,1,train,0.16784358608392155
INT-0588,61.6,61.45,2.47,7.0,Design,0,train,0.35286103607003244
INT-0589,75.0,64.57,2.51,2.0,Web Development,1,train,0.4147938718198339
INT-0590,100.0,90.12,5.0,5.0,Marketing,1,test,0.9635882378596852
INT-0591,62.84,51.75,3.0,6.0,Web Development,0,test,0.3315552917711176
INT-0592,87.78,94.85,3.86,4.0,Design,1,train,0.8982770108150142
INT-0593,100.0,100.0,3.37,6.0,Design,1,train,0.94595657680593
INT-0594,63.06,51.85,2.57,8.0,Design,0,test,0.3283034455859646
INT-0595,61.01,46.23,3.12,5.0,Marketing,0,train,0.2670899707966888
INT-0596,79.92,100.0,3.01,7.0,Design,0,test,0.8628193500688986
INT-0597,79.42,57.68,3.89,7.0,Design,0,train,0.6968146569330722
INT-0598,81.33,77.01,5.0,7.0,Design,1,test,0.8962479641702391
INT-0599,63.3,51.02,2.86,7.0,Web Development,1,train,0.33630509241996215
INT-0600,68.59,63.15,1.8,2.0,Design,0,test,0.25735414683415236
INT-0601,87.78,93.8,3.04,0.0,Marketing,1,train,0.7901472970333578
INT-0602,52.77,96.61,4.24,1.0,Design,0,train,0.6258710575962373
INT-0603,88.7,72.94,4.77,2.0,Design,1,train,0.8523159370029508
INT-0604,76.93,82.37,2.99,6.0,Data Analytics,1,train,0.7293967701873852
INT-0605,66.29,62.8,3.11,4.0,Web Development,1,train,0.4249559002496884
INT-0606,80.46,91.94,3.1,4.0,Data Analytics,0,train,0.7930797937261184
INT-0607,100.0,61.14,4.4,0.0,Data Analytics,1,test,0.8159505264493118
INT-0608,73.8,99.72,3.36,6.0,Web Development,0,train,0.836043079163088
INT-0609,46.42,56.04,2.38,3.0,Web Development,0,test,0.12631928774980658
INT-0610,87.65,80.06,4.1,6.0,Design,1,train,0.8795898076153561
INT-0611,67.42,64.48,2.75,1.0,Marketing,1,train,0.33790729373913925
INT-0612,86.26,65.05,3.35,2.0,Marketing,1,train,0.653068999002584
INT-0613,67.18,41.11,2.7,0.0,Web Development,0,train,0.16754796992598597
INT-0614,86.23,72.65,4.18,2.0,Web Development,1,train,0.7894163678645839
INT-0615,71.6,33.16,4.15,8.0,Design,0,train,0.4666334374016274
INT-0616,57.45,63.54,3.17,4.0,Web Development,0,train,0.3413609430125493
INT-0617,88.62,100.0,4.32,3.0,Marketing,1,train,0.9265037512332139
INT-0618,82.46,66.05,3.38,2.0,Marketing,0,train,0.6237410688200876
INT-0619,71.56,67.05,2.6,2.0,Design,0,train,0.40782744181382613
INT-0620,100.0,91.5,4.58,6.0,Data Analytics,1,train,0.9609100842942543
INT-0621,77.38,69.55,3.3,8.0,Design,0,train,0.7175483831058781
INT-0622,78.89,63.73,2.42,6.0,Marketing,1,train,0.5378623507446775
INT-0623,73.67,63.93,3.3,6.0,Data Analytics,0,test,0.5922394334131272
INT-0624,70.0,76.81,3.03,4.0,Data Analytics,1,train,0.5757943268611293
INT-0625,84.32,78.64,3.28,0.0,Design,1,train,0.6842706815264867
INT-0626,72.46,91.77,4.17,6.0,Web Development,1,test,0.8477606097280614
INT-0627,94.3,66.06,3.53,7.0,Design,0,train,0.8351324152669347
INT-0628,91.84,80.84,5.0,4.0,Web Development,0,test,0.9229179829651963
INT-0629,67.65,72.53,3.06,0.0,Marketing,1,train,0.41963210398447204
INT-0630,54.91,42.23,2.25,6.0,Web Development,1,train,0.1438062315863347
INT-0631,100.0,100.0,3.55,8.0,Web Development,1,test,0.958954905208678
INT-0632,100.0,100.0,4.68,2.0,Data Analytics,0,test,0.9590281895325737
INT-0633,68.55,56.38,3.21,1.0,Data Analytics,0,train,0.34147251317884136
INT-0634,54.13,39.23,1.47,6.0,Data Analytics,0,train,0.08883518140892142
INT-0635,65.67,64.63,2.87,2.0,Marketing,1,train,0.3568771460962166
INT-0636,70.48,49.35,3.03,6.0,Web Development,1,train,0.3984486739736306
INT-0637,77.83,65.27,3.59,6.0,Data Analytics,1,train,0.6820267103929332
INT-0638,70.88,72.9,3.17,2.0,Web Development,1,test,0.5227144602921379
INT-0639,89.3,84.6,3.28,0.0,Design,1,train,0.7699495639867943
INT-0640,97.93,61.55,3.99,5.0,Marketing,1,train,0.8431250461923585
INT-0641,56.13,26.31,2.53,3.0,Marketing,0,test,0.08191785193433263
INT-0642,84.47,100.0,1.74,7.0,Data Analytics,1,train,0.8006433200344261
INT-0643,100.0,100.0,4.09,3.0,Marketing,1,test,0.9499752393272254
INT-0644,84.35,65.69,4.24,2.0,Web Development,1,train,0.7365630498733916
INT-0645,66.08,62.77,2.05,7.0,Marketing,0,train,0.3608886167106043
INT-0646,69.07,49.05,3.41,6.0,Data Analytics,1,train,0.42795865484057755
INT-0647,77.19,100.0,4.82,5.0,Design,1,train,0.9211208834538925
INT-0648,63.14,38.81,2.0,8.0,Marketing,0,train,0.18962314655352702
INT-0649,76.66,93.77,3.48,7.0,Data Analytics,1,test,0.8480626395779599
INT-0650,73.81,66.48,2.29,7.0,Marketing,0,test,0.5097763011470405
INT-0651,100.0,100.0,5.0,7.0,Data Analytics,1,test,0.9782758047496236
INT-0652,82.88,72.81,3.25,3.0,Marketing,1,train,0.6867947870573143
INT-0653,92.88,100.0,4.27,0.0,Design,1,train,0.9178543196422307
INT-0654,51.79,64.41,3.8,5.0,Marketing,0,train,0.3856191390341819
INT-0655,88.46,90.12,4.16,6.0,Marketing,1,train,0.9168233591511384
INT-0656,88.48,81.98,2.95,8.0,Web Development,1,train,0.8442095140993464
INT-0657,69.16,54.84,2.51,6.0,Web Development,0,train,0.3643058130724517
INT-0658,72.39,100.0,3.84,5.0,Design,1,train,0.8487670541251077
INT-0659,100.0,78.7,3.57,5.0,Data Analytics,1,train,0.8950639555592279
INT-0660,66.03,66.88,1.76,1.0,Web Development,0,train,0.2368147512166478
INT-0661,49.1,45.14,2.52,0.0,Data Analytics,0,train,0.08314297381914004
INT-0662,68.31,77.35,2.36,0.0,Marketing,1,train,0.37910041569887454
INT-0663,78.38,51.55,4.08,8.0,Data Analytics,1,train,0.6838347239101128
INT-0664,79.54,70.93,3.35,7.0,Web Development,1,train,0.7326643651397308
INT-0665,82.91,68.33,2.73,2.0,Web Development,1,train,0.566138788724051
INT-0666,66.59,22.56,2.06,3.0,Web Development,0,train,0.09095131120885391
INT-0667,83.51,46.28,1.27,4.0,Marketing,0,test,0.2649200655698556
INT-0668,67.66,64.31,2.87,2.0,Marketing,0,train,0.37583090305370515
INT-0669,63.3,39.36,3.85,3.0,Design,0,train,0.27837450326130514
INT-0670,35.93,32.88,3.68,3.0,Marketing,0,train,0.07347001229133422
INT-0671,80.48,91.39,4.3,6.0,Data Analytics,1,test,0.8951826391632641
INT-0672,71.04,83.73,3.47,6.0,Marketing,1,train,0.7336943413755166
INT-0673,65.01,68.52,2.74,0.0,Data Analytics,0,train,0.32082936382765
INT-0674,47.4,23.87,2.07,4.0,Data Analytics,0,train,0.04533714651047043
INT-0675,93.05,66.32,5.0,8.0,Data Analytics,1,test,0.9194531946575204
INT-0676,83.41,100.0,3.44,7.0,Data Analytics,1,train,0.9024517960685022
INT-0677,100.0,95.46,5.0,7.0,Marketing,1,test,0.9747359281528979
INT-0678,88.96,87.27,4.59,6.0,Web Development,1,test,0.9275534776040524
INT-0679,89.46,68.59,2.38,0.0,Marketing,1,train,0.5504473465736581
INT-0680,71.93,70.44,2.85,8.0,Web Development,1,train,0.6166173556532447
INT-0681,100.0,76.2,3.34,6.0,Data Analytics,1,test,0.8845713798676316
INT-0682,89.1,89.86,3.66,7.0,Web Development,1,train,0.9053838958534102
INT-0683,76.9,93.94,3.98,8.0,Data Analytics,1,train,0.890314644375982
INT-0684,60.68,57.38,5.0,2.0,Web Development,0,test,0.5098480619580951
INT-0685,54.5,50.33,2.43,0.0,Design,1,train,0.1171912555651229
INT-0686,71.47,68.08,3.32,5.0,Marketing,1,train,0.5805447976327223
INT-0687,87.85,67.67,4.23,4.0,Design,1,train,0.8097488867567927
INT-0688,94.29,100.0,4.15,0.0,Data Analytics,1,train,0.9180951757717374
INT-0689,91.69,100.0,3.25,2.0,Design,1,train,0.8832048484880892
INT-0690,77.54,84.11,2.46,8.0,Design,1,test,0.7308322478426986
INT-0691,89.66,87.08,3.63,3.0,Data Analytics,1,test,0.8561834103298547
INT-0692,65.25,66.87,3.64,2.0,Marketing,0,train,0.46706713158950924
INT-0693,81.34,60.09,4.11,5.0,Marketing,0,train,0.7155944331332149
INT-0694,46.84,17.46,2.67,5.0,Design,0,train,0.05304937805611094
INT-0695,68.16,76.73,3.98,2.0,Web Development,1,train,0.6261879809171257
INT-0696,48.48,48.42,3.66,7.0,Web Development,1,train,0.26081288590142965
INT-0697,43.71,25.08,2.29,5.0,Web Development,0,test,0.04899985740181557
INT-0698,64.65,54.26,2.1,1.0,Data Analytics,0,train,0.18431912324436547
INT-0699,63.04,42.49,2.52,2.0,Web Development,0,train,0.16150679544585317
INT-0700,67.05,51.61,3.15,7.0,Data Analytics,1,test,0.41713649486080084
INT-0701,88.19,89.1,4.13,0.0,Data Analytics,1,train,0.8521411257227676
INT-0702,72.8,55.6,2.94,0.0,Design,0,test,0.32660534092446425
INT-0703,64.48,45.13,2.23,5.0,Data Analytics,0,train,0.20617038997010195
INT-0704,83.25,60.15,2.54,3.0,Web Development,1,train,0.500557992238749
INT-0705,100.0,96.1,2.77,2.0,Web Development,1,test,0.8836363814051151
INT-0706,61.39,53.13,2.75,4.0,Data Analytics,0,train,0.2598464169826443
INT-0707,60.69,54.93,1.92,1.0,Marketing,0,train,0.14902092113936133
INT-0708,90.2,89.29,2.98,3.0,Marketing,1,test,0.8243939265671542
INT-0709,81.01,66.47,3.01,2.0,Design,1,train,0.5646291416098227
INT-0710,82.72,78.46,2.79,5.0,Design,0,train,0.7162973625793078
INT-0711,85.71,78.37,3.66,6.0,Data Analytics,1,train,0.8336945909874229
INT-0712,97.62,92.58,4.27,8.0,Marketing,1,train,0.959383929669657
INT-0713,76.43,53.38,2.5,0.0,Marketing,0,train,0.297534444361047
INT-0714,95.61,72.94,3.09,2.0,Web Development,1,train,0.768688839081498
INT-0715,66.39,57.68,3.67,2.0,Design,1,train,0.40704069107355945
INT-0716,61.12,40.5,2.29,5.0,Marketing,1,test,0.16370720524004645
INT-0717,56.22,57.75,2.07,4.0,Design,0,train,0.18491051808076747
INT-0718,86.62,89.2,4.58,7.0,Data Analytics,1,train,0.9307956374899747
INT-0719,66.59,72.76,3.84,8.0,Web Development,1,train,0.6943407885730633
INT-0720,48.83,59.58,3.31,6.0,Data Analytics,0,train,0.28393458341272426
INT-0721,77.58,71.11,4.0,1.0,Web Development,1,train,0.6627297937745442
INT-0722,86.11,99.8,2.58,0.0,Marketing,1,train,0.7708822955524486
INT-0723,46.93,48.6,3.21,8.0,Data Analytics,0,train,0.2237316890205947
INT-0724,49.11,60.81,2.93,8.0,Marketing,0,train,0.29473886457008963
INT-0725,54.08,55.82,3.65,2.0,Web Development,0,train,0.264541386102303
INT-0726,100.0,100.0,4.4,0.0,Web Development,1,train,0.943336187137364
INT-0727,83.47,79.72,3.58,6.0,Design,1,train,0.8193919341449617
INT-0728,94.54,93.13,3.59,5.0,Data Analytics,0,train,0.9161624996880502
INT-0729,83.9,57.71,3.09,7.0,Data Analytics,0,train,0.6515104549954487
INT-0730,65.1,57.55,2.62,5.0,Web Development,1,test,0.33321063210914537
INT-0731,89.12,68.86,4.23,6.0,Data Analytics,1,train,0.851087656694122
INT-0732,68.04,82.75,2.32,7.0,Marketing,1,train,0.5842656455994018
INT-0733,72.81,100.0,3.3,0.0,Design,1,train,0.7262743831248648
INT-0734,91.2,63.75,4.74,1.0,Marketing,1,train,0.8089282285852885
INT-0735,72.66,77.44,3.1,7.0,Marketing,1,train,0.6856539339635133
INT-0736,69.77,68.28,3.31,1.0,Web Development,1,train,0.46435343048110655
INT-0737,88.5,77.61,3.17,1.0,Marketing,0,test,0.7257622742357379
INT-0738,88.4,100.0,4.04,6.0,Data Analytics,1,train,0.9353043301995733
INT-0739,46.3,36.66,2.07,1.0,Web Development,0,train,0.04946804144484418
INT-0740,43.49,29.41,2.15,1.0,Design,0,train,0.0358584822838942
INT-0741,100.0,65.8,4.5,0.0,Web Development,1,train,0.8455088793356466
INT-0742,86.57,80.4,3.5,4.0,Design,1,train,0.8088868497636306
INT-0743,49.77,31.75,3.44,5.0,Marketing,0,train,0.13483129052468965
INT-0744,61.39,51.09,3.05,6.0,Web Development,0,train,0.31754430236834796
INT-0745,84.31,100.0,4.19,8.0,Web Development,1,train,0.9401452806897265
INT-0746,84.83,81.76,3.96,5.0,Design,1,train,0.8513080810840131
INT-0747,87.34,77.43,5.0,6.0,Marketing,1,train,0.9131289728478332
INT-0748,77.78,92.86,4.4,1.0,Marketing,1,test,0.8366196753545566
INT-0749,72.25,55.88,3.44,3.0,Marketing,1,train,0.4534069416847565
INT-0750,77.15,75.9,2.34,2.0,Data Analytics,0,test,0.5133007215860814
INT-0751,67.79,68.23,3.34,0.0,Data Analytics,0,train,0.4210113056900065
INT-0752,72.97,58.37,4.25,8.0,Design,1,test,0.6985520485378036
INT-0753,70.54,53.27,4.09,2.0,Web Development,1,test,0.4712798954919728
INT-0754,82.87,100.0,5.0,4.0,Design,1,train,0.938071072111217
INT-0755,100.0,97.38,4.84,3.0,Marketing,1,train,0.9624785830733185
INT-0756,82.08,83.22,3.09,0.0,Design,1,test,0.6740266842694682
INT-0757,68.43,54.48,3.28,8.0,Web Development,0,test,0.4981356394718432
INT-0758,92.44,67.87,2.96,1.0,Marketing,0,train,0.6716544468131095
INT-0759,97.8,87.79,2.68,0.0,Web Development,1,train,0.8021961975171398
INT-0760,89.7,54.07,3.79,3.0,Design,0,train,0.6780949502851533
INT-0761,71.72,85.78,4.39,1.0,Data Analytics,1,train,0.7512266349309419
INT-0762,79.05,92.8,4.35,8.0,Design,1,train,0.9127344160350521
INT-0763,89.74,88.08,4.12,1.0,Web Development,1,test,0.8677550332556273
INT-0764,84.97,90.45,4.09,2.0,Data Analytics,1,test,0.8608166115584
INT-0765,87.55,76.54,2.88,2.0,Data Analytics,1,test,0.6983486698720347
INT-0766,60.92,59.84,2.43,0.0,Design,0,train,0.19830955753166135
INT-0767,85.26,86.28,2.39,0.0,Data Analytics,1,train,0.6490014062253038
INT-0768,68.07,69.35,1.72,4.0,Data Analytics,0,train,0.32755875560324665
INT-0769,41.62,64.51,3.28,2.0,Data Analytics,0,train,0.18265074134105477
INT-0770,96.99,100.0,3.71,0.0,Data Analytics,1,test,0.9099962058909948
INT-0771,100.0,93.51,4.88,2.0,Web Development,1,test,0.9541755516804616
INT-0772,86.12,74.93,4.86,2.0,Web Development,1,test,0.8516279051454587
INT-0773,87.89,81.97,3.09,3.0,Design,1,train,0.7767645324508812
INT-0774,100.0,100.0,4.49,8.0,Design,1,train,0.9744150965025346
INT-0775,79.44,87.46,2.94,2.0,Design,0,train,0.7037549608439844
INT-0776,50.2,62.14,2.21,6.0,Marketing,1,train,0.20652825753719253
INT-0777,49.91,41.81,2.94,6.0,Data Analytics,0,train,0.15813256230303585
INT-0778,100.0,84.79,3.27,0.0,Design,1,train,0.8464428369120042
INT-0779,73.38,71.97,3.12,4.0,Data Analytics,1,test,0.5853393449445927
INT-0780,39.92,24.76,4.13,4.0,Marketing,0,train,0.09162644644287798
INT-0781,89.64,76.43,2.31,4.0,Web Development,0,train,0.6967320391362128
INT-0782,77.02,44.79,3.63,1.0,Web Development,0,train,0.39196148939567205
INT-0783,100.0,87.53,3.6,4.0,Data Analytics,1,test,0.9138987453035609
INT-0784,93.29,100.0,4.48,1.0,Design,1,test,0.9333533134706923
INT-0785,82.75,97.73,3.61,8.0,Web Development,0,train,0.9091045720216208
INT-0786,85.11,58.96,3.79,5.0,Marketing,1,train,0.7095567380141584
INT-0787,85.59,68.1,2.76,0.0,Data Analytics,0,test,0.5506604025749251
INT-0788,97.93,69.35,2.76,4.0,Web Development,1,train,0.770340059640798
INT-0789,72.56,79.62,3.51,8.0,Marketing,1,test,0.7613670362164722
INT-0790,60.08,62.68,4.56,6.0,Marketing,1,train,0.5874889374961272
INT-0791,72.02,53.39,3.36,2.0,Marketing,1,train,0.3961394054076085
INT-0792,71.91,73.68,2.15,8.0,Design,0,train,0.554953540282829
INT-0793,97.18,74.93,3.89,1.0,Marketing,1,train,0.8402366861607506
INT-0794,79.21,88.37,5.0,2.0,Data Analytics,1,train,0.8761458717748032
INT-0795,64.64,22.73,2.58,1.0,Marketing,0,train,0.09014630144940247
INT-0796,85.56,67.64,4.36,8.0,Design,1,train,0.858003791521424
INT-0797,100.0,64.7,3.38,6.0,Web Development,1,train,0.840999455697852
INT-0798,85.33,74.17,3.9,4.0,Data Analytics,1,train,0.7991413289792287
INT-0799,87.29,100.0,4.35,6.0,Design,1,train,0.9416241831980696
INT-0800,75.48,71.92,3.7,2.0,Data Analytics,0,test,0.6334456901206345
INT-0801,61.27,54.01,2.44,0.0,Design,1,train,0.1716582119026823
INT-0802,53.93,44.18,2.29,7.0,Data Analytics,0,train,0.16180936922452555
INT-0803,55.2,74.42,4.26,8.0,Web Development,0,train,0.6377440687378644
INT-0804,78.96,82.28,4.42,0.0,Data Analytics,1,test,0.7756923705651092
INT-0805,99.72,100.0,5.0,0.0,Web Development,1,train,0.9573513882896701
INT-0806,88.47,52.85,5.0,5.0,Web Development,1,train,0.8131326029066522
INT-0807,95.5,58.24,3.43,0.0,Data Analytics,1,train,0.6630348708051051
INT-0808,60.71,54.32,2.56,6.0,Marketing,1,train,0.28060582940801937
INT-0809,86.44,65.51,4.19,8.0,Marketing,1,test,0.8427507531172598
INT-0810,83.66,81.12,4.01,2.0,Web Development,1,train,0.802484447848748
INT-0811,83.43,72.51,2.61,2.0,Data Analytics,1,train,0.5915175140428972
INT-0812,72.7,58.49,2.39,7.0,Marketing,1,train,0.44211510393424536
INT-0813,95.23,68.67,3.87,3.0,Design,1,train,0.8236013831408604
INT-0814,71.5,60.5,3.02,2.0,Design,1,test,0.40602413879914223
INT-0815,74.17,78.03,3.07,0.0,Design,0,train,0.542754838416025
INT-0816,86.02,66.74,4.31,7.0,Data Analytics,1,train,0.8410379998175094
INT-0817,69.49,64.69,3.73,8.0,Web Development,1,train,0.6509953674450498
INT-0818,85.47,78.47,4.45,0.0,Data Analytics,1,train,0.8068072931924963
INT-0819,100.0,98.22,2.18,7.0,Design,1,train,0.9072719706722128
INT-0820,59.34,49.56,3.01,1.0,Marketing,0,train,0.19445890781846992
INT-0821,75.46,77.72,3.65,1.0,Design,1,train,0.6502169067075444
INT-0822,100.0,100.0,3.05,3.0,Design,1,train,0.917076338974801
INT-0823,73.13,52.51,2.36,3.0,Design,0,train,0.3053030736833976
INT-0824,48.48,35.18,1.75,7.0,Marketing,0,train,0.07688276833797973
INT-0825,28.1,37.6,2.48,6.0,Data Analytics,0,test,0.04440076430909718
INT-0826,83.57,68.88,4.55,1.0,Web Development,1,test,0.7620727453683429
INT-0827,56.24,84.45,4.83,5.0,Web Development,1,train,0.7229213152375319
INT-0828,91.05,73.35,2.77,7.0,Design,1,train,0.7899149539757667
INT-0829,96.69,94.72,4.38,5.0,Web Development,1,train,0.9505526376147634
INT-0830,50.58,13.48,2.45,2.0,Marketing,0,train,0.03730035869198446
INT-0831,74.52,64.79,3.87,1.0,Web Development,1,test,0.5622720712073691
INT-0832,84.34,100.0,4.46,4.0,Marketing,1,train,0.9245257464686456
INT-0833,64.82,51.47,3.05,4.0,Marketing,1,train,0.31264174004081485
INT-0834,72.35,55.08,4.39,3.0,Data Analytics,0,test,0.5706143909215451
INT-0835,62.54,79.99,3.8,0.0,Marketing,0,train,0.5191752113564545
INT-0836,66.33,61.64,2.21,1.0,Marketing,0,train,0.24959919982841314
INT-0837,100.0,74.87,3.79,4.0,Data Analytics,1,train,0.8839018083335305
INT-0838,100.0,92.91,4.74,8.0,Web Development,1,test,0.971484901691086
INT-0839,100.0,96.94,4.54,5.0,Marketing,1,train,0.9633446804354034
INT-0840,81.74,64.25,4.02,3.0,Marketing,0,train,0.6986721955689871
INT-0841,100.0,83.12,4.48,8.0,Web Development,1,train,0.9552076768078628
INT-0842,76.6,71.34,3.56,6.0,Design,0,test,0.7103270943786737
INT-0843,82.0,100.0,4.36,6.0,Data Analytics,1,train,0.9268891676349105
INT-0844,74.81,96.41,1.94,5.0,Design,0,train,0.6742705608458271
INT-0845,87.95,75.3,3.41,6.0,Design,1,test,0.8148342890715922
INT-0846,73.42,45.17,3.11,4.0,Web Development,0,test,0.36097943515990666
INT-0847,100.0,100.0,4.16,5.0,Web Development,1,train,0.9599017350856448
INT-0848,83.0,100.0,4.83,5.0,Marketing,1,test,0.9389520544313087
INT-0849,83.12,72.81,3.4,6.0,Web Development,1,train,0.7626209939303541
INT-0850,99.06,76.15,3.86,8.0,Web Development,1,train,0.9210385209127206
INT-0851,79.45,74.49,2.82,2.0,Web Development,1,test,0.5894549350976624
INT-0852,77.36,53.78,3.36,6.0,Web Development,1,train,0.5573597721118145
INT-0853,90.35,67.58,4.55,0.0,Web Development,1,train,0.7920894004261211
INT-0854,80.41,67.62,2.84,4.0,Design,0,train,0.593399181749563
INT-0855,70.05,77.74,3.54,8.0,Marketing,0,train,0.7300800841108087
INT-0856,56.33,46.01,4.01,5.0,Design,1,test,0.3160612787230442
INT-0857,84.21,61.3,2.21,2.0,Data Analytics,1,train,0.45435056494876835
INT-0858,87.19,78.94,3.57,5.0,Web Development,1,train,0.8257648273399603
INT-0859,62.98,35.29,2.13,3.0,Design,0,train,0.11918725190873394
INT-0860,100.0,88.19,3.64,3.0,Design,1,test,0.9095264899384121
INT-0861,79.95,39.28,2.56,2.0,Marketing,1,train,0.27907528085266
INT-0862,47.83,58.92,2.78,5.0,Web Development,0,train,0.20308412846738663
INT-0863,73.66,54.49,4.72,1.0,Web Development,0,train,0.5748240265721329
INT-0864,83.98,96.34,3.22,3.0,Design,1,test,0.8350587969427219
INT-0865,93.61,36.88,3.26,8.0,Data Analytics,1,train,0.6350734143643563
INT-0866,100.0,70.0,5.0,6.0,Design,1,train,0.9363329963497936
INT-0867,70.4,56.37,2.34,3.0,Marketing,1,train,0.3040436767645051
INT-0868,68.42,88.79,4.47,8.0,Design,1,test,0.8555632800790978
INT-0869,60.98,67.05,3.11,0.0,Web Development,0,test,0.3110724654338376
INT-0870,85.24,79.13,4.62,8.0,Marketing,1,test,0.9097271133577114
INT-0871,70.9,76.71,4.06,3.0,Design,0,train,0.6860768423398617
INT-0872,61.51,41.5,3.11,7.0,Design,1,test,0.2774309539492136
INT-0873,86.99,76.73,3.72,8.0,Marketing,1,train,0.8631989238344433
INT-0874,94.81,56.04,2.99,5.0,Data Analytics,1,train,0.69616206163714
INT-0875,47.97,23.83,2.51,5.0,Marketing,0,train,0.06322452727299932
INT-0876,26.19,46.29,3.05,6.0,Design,0,train,0.07137760839138453
INT-0877,82.87,56.08,3.38,2.0,Design,0,train,0.5461335534188553
INT-0878,67.92,72.94,3.07,1.0,Data Analytics,0,train,0.45141081930877813
INT-0879,76.98,52.12,3.17,3.0,Marketing,0,train,0.441445067247861
INT-0880,76.74,75.7,4.08,4.0,Data Analytics,1,train,0.7552979944184421
INT-0881,78.42,68.77,4.37,6.0,Marketing,1,train,0.7883819674205267
INT-0882,99.17,100.0,3.41,2.0,Marketing,0,test,0.9208693474570163
INT-0883,47.12,58.75,2.38,5.0,Web Development,0,test,0.1660504019871552
INT-0884,56.42,70.55,3.08,0.0,Web Development,0,train,0.2883056950905638
INT-0885,69.53,43.93,3.92,0.0,Data Analytics,0,train,0.3178727458871527
INT-0886,75.9,77.41,4.35,8.0,Web Development,1,train,0.8425023737866135
INT-0887,79.34,78.18,3.15,7.0,Data Analytics,1,train,0.7580033411649287
INT-0888,78.65,59.31,3.0,7.0,Marketing,1,test,0.5960880296053527
INT-0889,54.21,28.3,1.5,2.0,Design,0,train,0.044312723227905436
INT-0890,53.69,34.57,2.36,4.0,Data Analytics,0,train,0.09625081550200273
INT-0891,46.73,41.65,4.11,6.0,Marketing,1,train,0.2284093691043898
INT-0892,77.25,43.29,2.13,2.0,Data Analytics,0,train,0.23837028543868857
INT-0893,55.68,32.71,2.06,6.0,Design,0,train,0.10237285443177664
INT-0894,81.63,57.83,2.84,6.0,Data Analytics,0,test,0.573618870037633
INT-0895,64.76,75.8,3.45,3.0,Data Analytics,0,train,0.5369738920919002
INT-0896,81.09,66.41,4.36,3.0,Data Analytics,1,train,0.7428904146062919
INT-0897,64.12,42.03,3.37,2.0,Web Development,0,train,0.23674402737659317
INT-0898,64.09,83.28,3.79,7.0,Design,1,train,0.7188611211382252
INT-0899,78.26,70.75,2.41,8.0,Marketing,1,train,0.6344724615811609
INT-0900,62.39,51.92,3.46,8.0,Marketing,0,train,0.4299688884937935
INT-0901,78.99,87.23,3.38,6.0,Design,1,test,0.8108584736379932
INT-0902,89.24,82.92,3.96,3.0,Design,1,test,0.8574560391777207
INT-0903,78.75,48.33,2.4,7.0,Web Development,0,train,0.42753248076264966
INT-0904,93.26,94.18,4.2,2.0,Web Development,1,train,0.9162041017569448
INT-0905,60.63,39.39,3.25,8.0,Marketing,0,train,0.2891246067207512
INT-0906,90.37,100.0,5.0,2.0,Design,1,train,0.9464186494344179
INT-0907,77.75,46.06,2.18,3.0,Design,0,test,0.2848608368602348
INT-0908,56.58,36.9,2.78,0.0,Data Analytics,0,train,0.09994060664464939
INT-0909,55.26,58.55,2.68,0.0,Web Development,0,train,0.17163157854223626
INT-0910,57.58,33.83,3.22,3.0,Design,1,train,0.15002790463374746
INT-0911,58.47,78.91,3.57,4.0,Web Development,1,train,0.5303323101930008
INT-0912,99.32,100.0,4.5,0.0,Design,1,train,0.9444145896881923
INT-0913,68.75,74.23,3.3,7.0,Marketing,1,train,0.6439827253431178
INT-0914,54.88,43.56,3.74,1.0,Data Analytics,0,train,0.18945820202118
INT-0915,100.0,56.48,4.85,8.0,Marketing,1,train,0.9125500854465706
INT-0916,100.0,87.1,2.83,2.0,Marketing,1,test,0.8522146290554374
INT-0917,90.66,90.55,4.55,3.0,Web Development,1,train,0.9188535996504347
INT-0918,79.09,71.35,4.34,1.0,Marketing,0,train,0.7172045271053118
INT-0919,100.0,96.91,3.9,7.0,Data Analytics,1,test,0.9581260469799195
INT-0920,28.4,47.44,1.61,6.0,Web Development,0,train,0.04021920116584186
INT-0921,54.94,71.44,3.9,0.0,Data Analytics,1,train,0.3738159414124713
INT-0922,63.05,53.7,2.13,0.0,Design,0,test,0.1593811558632557
INT-0923,95.17,58.48,3.33,5.0,Marketing,1,train,0.7513193899383999
INT-0924,65.64,72.18,3.09,7.0,Design,1,train,0.5668652361331085
INT-0925,76.68,69.52,3.82,0.0,Design,1,train,0.595877299292486
INT-0926,100.0,100.0,3.9,1.0,Data Analytics,1,test,0.934008240550758
INT-0927,96.69,80.35,2.84,4.0,Marketing,1,train,0.8275958690045537
INT-0928,78.02,58.72,3.68,0.0,Data Analytics,1,train,0.5025336428895745
INT-0929,74.58,48.2,3.99,2.0,Design,1,train,0.46214416473395126
INT-0930,97.28,62.63,5.0,0.0,Design,1,test,0.8488080402479797
INT-0931,62.86,57.31,2.35,4.0,Marketing,1,train,0.26037655279888794
INT-0932,94.55,89.75,3.84,6.0,Marketing,1,train,0.9244393561200571
INT-0933,84.13,95.56,3.22,3.0,Design,1,train,0.8323440198529246
INT-0934,100.0,100.0,4.94,2.0,Design,1,train,0.964021708631241
INT-0935,79.91,82.5,2.9,3.0,Web Development,1,test,0.6889087279869087
INT-0936,76.67,84.35,3.22,4.0,Design,1,train,0.7253713499576668
INT-0937,52.06,70.38,2.41,1.0,Design,0,test,0.20376743263441946
INT-0938,79.53,77.17,3.3,1.0,Design,0,train,0.6476256805149561
INT-0939,100.0,88.0,4.1,1.0,Design,1,test,0.9125631139192318
INT-0940,88.83,100.0,4.17,8.0,Web Development,1,train,0.9504497907974683
INT-0941,81.66,77.0,3.5,6.0,Data Analytics,1,train,0.7847975160950554
INT-0942,96.12,81.92,2.91,1.0,Data Analytics,0,train,0.7923637931051329
INT-0943,75.15,68.12,4.15,2.0,Web Development,0,train,0.6539001262630437
INT-0944,100.0,100.0,3.96,3.0,Web Development,1,train,0.9466642110907822
INT-0945,90.24,93.95,4.36,1.0,Design,1,train,0.902836001534275
INT-0946,99.06,65.6,2.73,7.0,Marketing,1,test,0.804127988417736
INT-0947,78.94,95.68,2.45,8.0,Design,1,train,0.8104154171277814
INT-0948,32.39,0.0,1.91,2.0,Marketing,0,train,0.007872459864465949
INT-0949,91.05,77.35,4.5,0.0,Design,1,test,0.8424788173457594
INT-0950,35.11,13.06,1.69,2.0,Marketing,0,train,0.012374571007867964
INT-0951,48.52,34.25,2.4,5.0,Marketing,1,test,0.08528881865516479
INT-0952,80.29,100.0,3.02,7.0,Data Analytics,1,train,0.8654500837198559
INT-0953,90.1,78.71,4.87,3.0,Design,1,train,0.8969735212447391
INT-0954,53.45,47.69,2.1,2.0,Design,0,test,0.10579908569498414
INT-0955,63.93,60.97,2.54,2.0,Marketing,0,train,0.27566962288866653
INT-0956,98.08,65.89,4.48,0.0,Design,1,train,0.83246060427388
INT-0957,81.18,53.62,1.86,0.0,Data Analytics,0,test,0.27634365289933965
INT-0958,100.0,100.0,5.0,3.0,Data Analytics,1,train,0.9682311446306813
INT-0959,59.55,63.16,3.84,5.0,Data Analytics,0,train,0.46839149831680515
INT-0960,64.55,66.92,4.23,0.0,Data Analytics,0,test,0.4871890975096912
INT-0961,88.04,100.0,4.6,1.0,Data Analytics,0,train,0.9211136881569775
INT-0962,66.7,92.86,3.35,8.0,Marketing,1,train,0.7782093775958357
INT-0963,62.42,63.2,2.15,8.0,Web Development,0,test,0.3595034816514519
INT-0964,64.58,63.87,3.25,5.0,Design,0,test,0.4563144117283359
INT-0965,70.47,68.08,2.7,4.0,Marketing,0,train,0.4647074182491218
INT-0966,51.15,38.91,3.06,5.0,Design,0,train,0.1482404008825528
INT-0967,70.01,53.98,3.84,3.0,Web Development,0,train,0.46310428334434134
INT-0968,80.83,45.5,4.06,1.0,Web Development,0,train,0.4964614753805535
INT-0969,97.56,78.14,4.12,3.0,Marketing,1,train,0.8910700363330202
INT-0970,78.65,58.07,4.06,6.0,Design,1,train,0.6900643814219903
INT-0971,69.43,45.58,3.05,5.0,Marketing,0,test,0.33708036505247363
INT-0972,72.18,73.37,3.01,6.0,Data Analytics,1,train,0.6164701171554503
INT-0973,84.4,78.85,3.84,5.0,Data Analytics,1,train,0.8268454324440896
INT-0974,92.48,100.0,3.44,0.0,Data Analytics,1,train,0.8769070794730573
INT-0975,54.93,46.65,3.09,5.0,Design,0,train,0.21525725049808944
INT-0976,63.78,59.48,2.14,7.0,Design,0,train,0.3221913063116498
INT-0977,73.15,94.05,3.34,5.0,Web Development,1,train,0.7854636272126051
INT-0978,74.34,61.85,3.64,5.0,Web Development,0,train,0.6017415704036608
INT-0979,65.79,59.75,3.31,2.0,Design,0,test,0.3726685461472784
INT-0980,81.41,89.95,2.93,7.0,Marketing,1,test,0.8211898438941749
INT-0981,100.0,84.0,4.1,4.0,Marketing,1,train,0.9242770170025592
INT-0982,47.76,43.93,2.26,2.0,Web Development,0,train,0.0798868140501514
INT-0983,83.39,70.67,3.53,4.0,Design,0,train,0.7269469415886471
INT-0984,87.94,64.62,4.76,1.0,Data Analytics,1,train,0.7910809226538034
INT-0985,82.24,66.71,4.15,8.0,Marketing,1,train,0.818104166310871
INT-0986,85.7,73.4,4.27,6.0,Data Analytics,1,train,0.853142513424369
INT-0987,59.41,33.8,4.03,2.0,Web Development,0,train,0.20968891075498175
INT-0988,91.11,83.46,3.07,7.0,Design,0,train,0.8614509031337132
INT-0989,87.54,83.91,2.56,0.0,Marketing,1,train,0.6744492620775726
INT-0990,71.22,51.56,2.65,3.0,Data Analytics,0,test,0.31161142351076687
INT-0991,98.34,89.9,3.66,5.0,Design,1,train,0.9237531568316172
INT-0992,91.69,81.19,2.49,0.0,Data Analytics,1,train,0.6883460158221311
INT-0993,100.0,96.44,4.15,6.0,Data Analytics,1,train,0.9587777290552433
INT-0994,88.79,83.37,3.68,7.0,Web Development,0,train,0.8842731069903232
INT-0995,87.37,78.67,3.89,5.0,Design,1,train,0.8483137140641975
INT-0996,100.0,68.14,3.82,1.0,Web Development,1,train,0.8210637494852484
INT-0997,87.51,98.43,3.36,6.0,Marketing,1,train,0.9022806044580695
INT-0998,57.77,70.5,3.87,3.0,Design,1,train,0.4652885619686647
INT-0999,74.35,65.0,3.97,6.0,Web Development,0,train,0.6877438635558362
INT-1000,100.0,67.63,3.27,5.0,Web Development,0,train,0.8335040337317466
INT-1001,82.7,74.6,3.03,0.0,Web Development,1,train,0.606016718437215
INT-1002,70.28,72.86,1.48,0.0,Data Analytics,0,train,0.26657084632629285
INT-1003,82.28,69.19,2.43,0.0,Design,0,train,0.47874981634247676
INT-1004,91.72,100.0,3.2,0.0,Marketing,1,train,0.8585559948857818
INT-1005,90.22,92.06,3.45,2.0,Web Development,1,train,0.8567293646609654
INT-1006,91.96,73.14,2.91,0.0,Web Development,1,test,0.6790046805270827
INT-1007,100.0,78.27,3.38,8.0,Marketing,1,train,0.9107572654977223
INT-1008,76.34,72.58,2.35,8.0,Design,0,train,0.6208760890005928
INT-1009,97.64,72.37,3.9,1.0,Web Development,0,test,0.8319371626162361
INT-1010,80.23,94.39,3.89,2.0,Data Analytics,1,train,0.8364169626851798
INT-1011,54.7,57.31,3.06,6.0,Marketing,0,train,0.29749405649603755
INT-1012,100.0,98.67,4.13,5.0,Design,1,train,0.9574916836404828
INT-1013,73.15,73.61,2.07,5.0,Design,0,train,0.4854098419023362
INT-1014,62.88,69.64,2.14,8.0,Web Development,0,train,0.4153119395981043
INT-1015,64.61,57.67,2.59,5.0,Data Analytics,0,test,0.32563382351628256
INT-1016,57.84,54.08,2.61,6.0,Web Development,1,train,0.2578591741609172
INT-1017,78.84,93.96,3.48,4.0,Marketing,1,train,0.8226732442193003
INT-1018,88.53,81.16,4.26,4.0,Web Development,1,train,0.8759822951338782
INT-1019,78.84,62.12,3.8,2.0,Design,0,test,0.6038691146667863
INT-1020,69.56,81.99,3.02,4.0,Marketing,0,train,0.6121221804079829
INT-1021,80.61,80.17,4.04,8.0,Data Analytics,1,train,0.8616253028547816
INT-1022,100.0,82.12,4.01,3.0,Data Analytics,1,train,0.9083403048870227
INT-1023,81.6,59.56,3.04,1.0,Data Analytics,1,train,0.49253447060572525
INT-1024,68.62,60.26,4.3,5.0,Marketing,0,train,0.607221314599196
INT-1025,67.42,25.85,2.23,7.0,Design,0,train,0.15806539769072608
INT-1026,79.72,52.66,2.23,8.0,Marketing,0,train,0.4774757329846797
INT-1027,46.78,28.1,2.63,4.0,Marketing,0,train,0.06655060285016037
INT-1028,74.79,81.46,3.57,7.0,Web Development,1,train,0.7790528513440413
INT-1029,88.76,69.56,3.24,2.0,Data Analytics,1,train,0.6995617648954586
INT-1030,87.22,91.48,3.9,3.0,Web Development,1,train,0.8766014587279983
INT-1031,100.0,73.86,3.49,3.0,Design,1,train,0.8509370142725745
INT-1032,86.26,68.78,3.93,2.0,Web Development,1,train,0.7428957369640922
INT-1033,73.44,72.22,3.12,6.0,Data Analytics,1,train,0.634419628037276
INT-1034,86.25,88.09,3.76,7.0,Marketing,0,train,0.8926109500530919
INT-1035,68.86,53.41,3.39,2.0,Web Development,0,train,0.36533633322901643
INT-1036,88.44,74.24,2.59,1.0,Design,1,test,0.6351041259176048
INT-1037,83.15,100.0,3.27,7.0,Marketing,1,train,0.893242726056544
INT-1038,53.97,62.83,1.57,7.0,Design,0,train,0.20064791045136254
INT-1039,95.42,75.19,4.2,8.0,Design,0,test,0.9191834020473297
INT-1040,93.8,80.41,2.89,2.0,Data Analytics,1,train,0.7802477687878578
INT-1041,69.44,58.01,3.02,6.0,Design,0,train,0.45744304313191053
INT-1042,95.71,85.47,4.15,6.0,Marketing,1,train,0.9291450946830299
INT-1043,84.57,82.74,4.17,7.0,Marketing,1,train,0.8880058774155651
INT-1044,87.3,53.42,2.61,7.0,Data Analytics,1,train,0.5958553361403274
INT-1045,66.87,46.33,2.97,8.0,Data Analytics,0,train,0.3731637688959682
INT-1046,61.1,56.16,4.14,4.0,Data Analytics,1,train,0.44164438450983573
INT-1047,67.35,61.08,4.33,0.0,Marketing,0,test,0.4830358595476186
INT-1048,100.0,72.75,4.36,1.0,Web Development,1,train,0.8766689389238375
INT-1049,47.27,54.23,3.16,7.0,Design,0,train,0.2386437237890939
INT-1050,89.12,79.85,2.92,7.0,Web Development,0,train,0.8225822269093952
INT-1051,43.82,64.58,3.28,0.0,Design,0,train,0.16952852929754647
INT-1052,74.06,67.35,3.19,3.0,Marketing,1,train,0.5393802732332993
INT-1053,75.2,79.34,3.85,2.0,Web Development,1,train,0.7036259899631907
INT-1054,91.38,100.0,4.18,2.0,Marketing,1,train,0.9235918385157867
INT-1055,62.61,57.97,2.59,5.0,Web Development,1,train,0.3077183413502537
INT-1056,94.81,100.0,4.25,4.0,Data Analytics,1,train,0.9470144468318448
INT-1057,59.11,86.52,3.65,4.0,Data Analytics,0,train,0.6111017336933834
INT-1058,92.15,88.57,3.95,3.0,Web Development,1,train,0.8925296941334848
INT-1059,94.01,82.14,3.05,5.0,Design,1,test,0.8470624443135799
INT-1060,99.13,77.74,2.68,6.0,Marketing,1,train,0.8462280040529874
INT-1061,79.44,72.97,4.46,0.0,Marketing,1,train,0.7244936893936685
INT-1062,98.82,100.0,5.0,1.0,Design,1,train,0.9595699002801218
INT-1063,84.89,55.57,3.48,3.0,Web Development,0,test,0.6013826024846446
INT-1064,100.0,81.32,3.04,3.0,Data Analytics,0,train,0.853464904813021
INT-1065,80.31,64.23,2.54,8.0,Marketing,1,train,0.6206677099763537
INT-1066,67.74,76.85,3.73,8.0,Web Development,0,train,0.7223314845827966
INT-1067,65.01,43.31,3.8,5.0,Marketing,1,train,0.36139516792281784
INT-1068,88.77,78.23,2.78,0.0,Design,0,train,0.6696400628284116
INT-1069,80.14,93.81,4.04,0.0,Marketing,1,train,0.8161772954952837
INT-1070,81.61,39.75,3.5,4.0,Marketing,1,train,0.45710850532684294
INT-1071,97.97,65.78,3.91,5.0,Design,1,train,0.856431865054175
INT-1072,68.79,51.96,2.6,5.0,Design,0,train,0.32677622272530277
INT-1073,89.52,66.09,2.19,1.0,Data Analytics,1,train,0.529707447047193
INT-1074,57.53,66.34,3.04,7.0,Data Analytics,1,test,0.4175173953900107
INT-1075,64.49,40.37,3.73,4.0,Design,0,train,0.30415526051280967
INT-1076,84.99,64.08,3.46,5.0,Design,1,train,0.7089787496697535
INT-1077,88.31,56.53,4.34,0.0,Design,1,train,0.6807615640810802
INT-1078,100.0,100.0,4.47,7.0,Web Development,1,train,0.9715803372908626
INT-1079,82.45,57.08,2.51,4.0,Design,0,train,0.4856270653587597
INT-1080,100.0,87.83,4.84,2.0,Marketing,1,test,0.9438445839727538
INT-1081,71.5,91.41,3.79,2.0,Data Analytics,1,train,0.7450360829086125
INT-1082,85.56,81.63,3.67,3.0,Web Development,1,train,0.806663874470412
INT-1083,83.19,80.01,4.67,0.0,Marketing,1,train,0.81610131265996
INT-1084,82.26,67.8,2.69,8.0,Data Analytics,1,train,0.6862429966881626
INT-1085,84.15,88.13,3.07,7.0,Web Development,1,train,0.8405976530467857
INT-1086,82.23,65.19,3.31,7.0,Web Development,1,train,0.7144435252336175
INT-1087,59.25,38.17,2.31,3.0,Design,0,train,0.12110550793081545
INT-1088,70.49,23.27,3.18,5.0,Web Development,0,train,0.21097158681843567
INT-1089,90.24,76.27,3.6,4.0,Marketing,1,test,0.8212521553801969
INT-1090,80.37,78.14,2.57,4.0,Data Analytics,1,train,0.6442843075792898
INT-1091,61.32,94.33,3.15,5.0,Web Development,1,train,0.6588842130587741
INT-1092,99.71,73.0,3.52,4.0,Design,1,test,0.8596504309245919
INT-1093,93.83,74.0,4.45,6.0,Data Analytics,1,train,0.9047888918774876
INT-1094,87.66,58.3,3.77,0.0,Marketing,1,train,0.6203399528562504
INT-1095,52.73,69.23,3.39,1.0,Design,1,train,0.2970366651306679
INT-1096,86.94,66.92,4.24,8.0,Marketing,1,train,0.8552141809269614
INT-1097,100.0,100.0,4.06,7.0,Web Development,1,test,0.9650648834484975
INT-1098,87.79,91.36,3.15,7.0,Web Development,1,train,0.8790590178187909
INT-1099,72.49,93.69,4.09,3.0,Marketing,1,train,0.809927549005652
INT-1100,100.0,88.8,3.79,4.0,Data Analytics,1,test,0.9244364280571243
INT-1101,88.38,97.99,5.0,0.0,Web Development,1,test,0.9252073109741905
INT-1102,100.0,84.22,4.65,2.0,Web Development,1,train,0.9308712285211587
INT-1103,85.5,70.68,4.14,6.0,Web Development,1,test,0.8306115864018863
INT-1104,87.32,100.0,3.92,3.0,Web Development,1,test,0.9060028057400729
INT-1105,74.43,49.52,2.79,4.0,Design,0,train,0.3676341718659588
INT-1106,78.84,94.07,2.87,1.0,Data Analytics,1,train,0.7167534781409624
INT-1107,49.09,16.45,2.57,4.0,Marketing,1,train,0.04920314686867394
INT-1108,64.91,77.16,3.07,6.0,Marketing,1,train,0.5736332383046648
INT-1109,100.0,100.0,4.21,5.0,Data Analytics,1,train,0.960890329818974
INT-1110,76.45,85.86,4.15,5.0,Marketing,1,train,0.8311085131642547
INT-1111,82.14,100.0,4.79,8.0,Web Development,1,train,0.9509721521470583
INT-1112,82.43,75.47,2.78,2.0,Data Analytics,0,train,0.6254838148304944
INT-1113,55.84,44.57,2.35,2.0,Web Development,0,train,0.11925592807177185
INT-1114,70.71,75.81,4.3,5.0,Marketing,1,train,0.7431327690885147
INT-1115,60.86,62.31,3.99,4.0,Marketing,1,test,0.47147314432387366
INT-1116,72.32,64.74,3.17,8.0,Design,0,train,0.6143487468998778
INT-1117,93.8,100.0,3.89,0.0,Marketing,1,train,0.9054061076284703
INT-1118,82.25,79.86,3.15,1.0,Web Development,1,train,0.6789048267626763
INT-1119,75.22,67.74,3.6,3.0,Marketing,1,train,0.6078348721380125
INT-1120,80.73,45.91,3.24,4.0,Design,1,test,0.4654700984407295
INT-1121,77.46,70.17,5.0,8.0,Data Analytics,1,train,0.8630568987053866
INT-1122,71.21,82.31,3.53,4.0,Data Analytics,1,test,0.6918977085960638
INT-1123,82.88,46.0,3.49,3.0,Web Development,0,test,0.49927310575556055
INT-1124,76.81,73.22,2.1,1.0,Data Analytics,0,train,0.4313833599766856
INT-1125,69.9,79.51,2.97,3.0,Web Development,0,train,0.5656258293724042
INT-1126,72.67,66.44,4.13,4.0,Marketing,1,train,0.656665599340465
INT-1127,100.0,100.0,4.57,5.0,Data Analytics,1,test,0.967347543767087
INT-1128,91.28,66.16,1.0,5.0,Design,1,test,0.49374245829015323
INT-1129,66.42,65.1,3.75,3.0,Marketing,0,train,0.5042520265858983
INT-1130,48.21,24.76,3.69,1.0,Web Development,0,train,0.08092263633314527
INT-1131,66.38,71.93,1.56,1.0,Design,0,train,0.2523783582840825
INT-1132,64.45,57.06,4.33,1.0,Web Development,1,train,0.43978195619482074
INT-1133,67.84,65.92,1.12,5.0,Web Development,0,test,0.2571089757524564
INT-1134,97.4,93.11,4.75,7.0,Marketing,1,train,0.9651716880243284
INT-1135,87.09,54.62,3.31,7.0,Design,1,train,0.6863723057234986
INT-1136,100.0,84.09,2.4,2.0,Web Development,1,train,0.8062856474365276
INT-1137,75.57,92.35,3.74,0.0,Marketing,1,train,0.7450597459180273
INT-1138,76.38,75.42,4.22,5.0,Marketing,1,train,0.7809426288076087
INT-1139,83.4,56.45,3.61,0.0,Marketing,1,train,0.5366058116841338
INT-1140,72.2,76.34,3.81,5.0,Marketing,0,test,0.7099075667955631
INT-1141,100.0,97.46,3.97,3.0,Web Development,1,test,0.9424078228306235
INT-1142,44.65,83.24,1.0,7.0,Web Development,0,train,0.19511405769008736
INT-1143,40.28,43.97,2.88,5.0,Data Analytics,0,train,0.10198737693510126
INT-1144,60.83,57.98,4.35,6.0,Design,1,train,0.5297845035901267
INT-1145,92.67,92.11,4.2,3.0,Marketing,1,train,0.9161789389456364
INT-1146,86.1,57.27,2.35,7.0,Design,1,train,0.5813547879961481
INT-1147,100.0,80.89,2.58,4.0,Design,1,test,0.8328359534909954
INT-1148,67.48,93.77,2.62,5.0,Marketing,0,test,0.657066068998198
INT-1149,95.18,86.68,2.79,3.0,Data Analytics,1,train,0.8306713400867999
INT-1150,100.0,64.22,3.95,4.0,Web Development,1,train,0.8520115805506715
INT-1151,70.0,69.4,3.77,7.0,Design,1,train,0.6749604406754431
INT-1152,72.5,100.0,2.88,3.0,Data Analytics,0,test,0.7380446261523024
INT-1153,94.68,81.63,4.08,0.0,Marketing,1,train,0.8548323092748745
INT-1154,61.87,51.27,3.54,3.0,Data Analytics,0,test,0.3154668973586303
INT-1155,87.56,73.57,3.37,3.0,Marketing,1,train,0.7485906983246129
INT-1156,73.69,65.93,3.33,3.0,Design,0,test,0.5411737795146857
INT-1157,80.7,77.08,2.04,0.0,Marketing,1,test,0.47685715465560347
INT-1158,89.12,100.0,3.9,1.0,Marketing,1,train,0.8950983852152711
INT-1159,41.89,47.52,2.18,2.0,Design,0,test,0.06684086638287065
INT-1160,62.65,55.7,2.81,3.0,Marketing,0,train,0.27546670445994437
INT-1161,51.3,34.36,3.07,0.0,Web Development,0,train,0.08477325578527597
INT-1162,65.91,47.6,3.39,3.0,Design,0,train,0.31223003817380135
INT-1163,70.96,75.39,3.09,2.0,Marketing,1,train,0.5344042162862831
INT-1164,42.61,29.05,2.85,0.0,Data Analytics,0,test,0.044001047923124224
INT-1165,59.98,53.08,3.61,2.0,Web Development,1,test,0.2968868139580529
INT-1166,67.14,62.48,2.9,2.0,Data Analytics,0,train,0.359351084404923
INT-1167,100.0,95.39,4.85,1.0,Design,1,train,0.9519765505814175
INT-1168,100.0,86.49,4.17,6.0,Marketing,1,test,0.943656308847912
INT-1169,72.04,64.09,2.74,0.0,Data Analytics,0,train,0.36035497140737593
INT-1170,66.35,73.23,3.58,5.0,Design,1,train,0.5980592104277938
INT-1171,68.82,68.47,2.44,5.0,Web Development,0,train,0.43968585910406893
INT-1172,65.65,49.97,2.72,7.0,Marketing,0,train,0.3364772418516417
INT-1173,71.72,71.16,3.36,4.0,Data Analytics,0,test,0.5901795098991078
INT-1174,68.88,45.59,2.69,4.0,Data Analytics,0,train,0.2716404333196504
INT-1175,74.42,55.65,3.13,6.0,Data Analytics,1,train,0.5094526202470366
INT-1176,59.25,39.24,2.24,7.0,Web Development,0,train,0.16916177101147936
INT-1177,82.99,65.55,1.87,1.0,Web Development,1,train,0.4086644149915256
INT-1178,85.17,79.09,3.74,7.0,Marketing,1,test,0.852031441573201
INT-1179,65.39,48.46,3.75,4.0,Web Development,0,test,0.3775698589516289
INT-1180,88.38,67.68,4.2,0.0,Data Analytics,0,test,0.7441011456187745
INT-1181,71.84,67.74,2.37,5.0,Design,1,train,0.45928587885916455
INT-1182,87.75,86.78,5.0,8.0,Data Analytics,1,train,0.9471033985202058
INT-1183,76.75,39.36,2.73,1.0,Web Development,1,test,0.24891899745128568
INT-1184,79.96,100.0,3.1,0.0,Design,1,train,0.7693044486499006
INT-1185,63.0,71.42,2.7,8.0,Web Development,1,test,0.5038143356177285
INT-1186,60.14,55.36,1.5,5.0,Design,0,test,0.1706257435649916
INT-1187,56.01,72.53,4.31,1.0,Web Development,1,train,0.47046809440720616
INT-1188,80.72,72.7,4.54,7.0,Marketing,1,train,0.8509356343797806
INT-1189,99.45,71.62,4.13,3.0,Web Development,1,test,0.8779141856669854
INT-1190,56.93,99.45,2.7,2.0,Marketing,0,train,0.5254158568285436
INT-1191,86.65,100.0,5.0,2.0,Design,1,train,0.9369357893278794
INT-1192,81.78,99.63,3.66,5.0,Design,1,test,0.8865056390666961
INT-1193,73.77,75.96,3.08,1.0,Data Analytics,0,train,0.5461547357751104
INT-1194,84.84,69.96,4.78,3.0,Data Analytics,1,train,0.828449175574236
INT-1195,100.0,100.0,4.83,2.0,Design,1,train,0.9619848595859785
INT-1196,100.0,91.56,5.0,0.0,Web Development,1,test,0.9446337351290853
INT-1197,65.76,56.32,2.96,6.0,Web Development,0,train,0.39399820614175707
INT-1198,66.48,34.22,2.66,0.0,Marketing,0,train,0.13112427753502887
INT-1199,100.0,67.19,3.71,8.0,Web Development,0,train,0.8925643846642777
INT-1200,54.56,59.52,1.58,0.0,Web Development,0,train,0.10475461756340729
INT-1201,68.06,39.51,2.54,3.0,Design,0,train,0.19670054568971856
INT-1202,60.07,36.37,3.96,0.0,Marketing,0,test,0.1915176998610985
INT-1203,92.24,86.29,4.03,3.0,Marketing,0,train,0.8894355219243344
INT-1204,88.43,100.0,3.36,5.0,Design,1,train,0.9021616924589307
INT-1205,71.0,81.04,2.38,0.0,Data Analytics,0,train,0.44220568653252235
INT-1206,66.8,57.61,3.22,4.0,Data Analytics,1,train,0.4017280423393465
INT-1207,72.03,60.73,3.75,6.0,Design,0,train,0.6039449442802131
INT-1208,37.07,70.36,3.26,4.0,Design,0,train,0.2097987557362478
INT-1209,100.0,100.0,4.66,1.0,Data Analytics,1,train,0.954568077817976
INT-1210,81.03,71.95,2.99,6.0,Design,1,train,0.6958201933468141
INT-1211,89.91,86.67,4.45,1.0,Marketing,1,train,0.8821243893398929
INT-1212,78.22,68.38,1.0,0.0,Data Analytics,0,test,0.26021364764827415
INT-1213,74.65,76.78,3.58,3.0,Marketing,1,train,0.670205168323208
INT-1214,56.61,58.72,4.84,2.0,Web Development,1,test,0.4532729029416754
INT-1215,39.46,27.89,1.02,0.0,Web Development,0,train,0.01454461768406561
INT-1216,59.38,69.27,2.54,6.0,Design,0,test,0.37644015141476833
INT-1217,53.8,59.96,2.49,5.0,Data Analytics,1,train,0.23062205197231508
INT-1218,48.12,42.69,1.95,8.0,Data Analytics,0,test,0.1145640574571639
INT-1219,71.66,76.94,3.53,4.0,Marketing,0,train,0.6563553446585951
INT-1220,85.69,87.79,4.39,3.0,Web Development,1,train,0.8827318822861896
INT-1221,79.13,94.01,3.48,7.0,Data Analytics,1,train,0.8632489720163556
INT-1222,100.0,100.0,4.6,0.0,Design,1,train,0.9486442826251789
INT-1223,66.41,100.0,3.62,3.0,Data Analytics,1,train,0.7571774815550961
INT-1224,90.75,67.83,5.0,7.0,Marketing,1,train,0.9073570299969441
INT-1225,59.53,47.93,3.06,2.0,Data Analytics,1,train,0.20679266729171614
INT-1226,81.63,86.25,3.8,7.0,Design,0,train,0.8654080991058185
INT-1227,79.15,89.22,2.57,2.0,Web Development,1,test,0.6724605961589668
INT-1228,68.23,90.08,2.73,3.0,Marketing,0,test,0.6038382394903327
INT-1229,100.0,71.6,4.48,8.0,Design,1,train,0.9350905050062345
INT-1230,73.28,93.73,2.75,2.0,Marketing,0,train,0.6667332384572005
INT-1231,58.61,79.48,1.61,8.0,Data Analytics,0,train,0.3819843257256085
INT-1232,49.26,63.9,2.86,0.0,Web Development,0,test,0.17115811001250342
INT-1233,78.7,39.6,3.77,2.0,Marketing,1,train,0.4091998298850697
INT-1234,74.59,93.09,3.47,5.0,Data Analytics,1,train,0.8021307895529003
INT-1235,82.32,94.44,3.33,5.0,Marketing,1,test,0.8497172887494103
INT-1236,62.88,67.71,1.7,8.0,Marketing,0,train,0.3460385248275707
INT-1237,68.93,75.29,3.73,8.0,Design,1,train,0.7227790214251824
INT-1238,83.64,84.29,4.15,6.0,Data Analytics,1,train,0.8778321836128826
INT-1239,100.0,80.79,2.46,5.0,Marketing,1,train,0.8372174942472075
INT-1240,100.0,100.0,4.97,2.0,Marketing,1,test,0.9645587270963547
INT-1241,87.35,92.87,4.57,7.0,Web Development,0,train,0.9400650858746025
INT-1242,70.46,44.1,3.69,5.0,Design,1,train,0.41432564216430484
INT-1243,93.25,84.26,4.65,0.0,Data Analytics,1,train,0.8901592959223721
INT-1244,52.8,52.98,3.59,7.0,Web Development,1,train,0.326964737384072
INT-1245,100.0,91.83,4.29,3.0,Data Analytics,1,train,0.9410168649347523
INT-1246,90.55,72.71,4.04,4.0,Design,0,train,0.8384573148643787
INT-1247,82.69,68.42,1.92,4.0,Design,1,train,0.5082631155220272
INT-1248,47.99,50.09,1.45,7.0,Design,0,train,0.10372046161501625
INT-1249,73.93,60.47,2.8,2.0,Design,0,train,0.40545357091732015
INT-1250,63.67,67.57,2.53,3.0,Marketing,1,train,0.34051085218282556
INT-1251,95.46,83.73,4.16,0.0,Data Analytics,1,train,0.8724042147025923
INT-1252,95.3,90.2,4.39,3.0,Data Analytics,1,train,0.927411535542013
INT-1253,50.65,66.0,3.78,0.0,Data Analytics,0,test,0.27627333939671805
INT-1254,83.37,51.12,4.35,5.0,Marketing,1,train,0.6977227775928206
INT-1255,78.63,49.33,2.43,8.0,Data Analytics,1,train,0.4625036491580434
INT-1256,57.23,75.68,3.25,4.0,Data Analytics,0,test,0.4470674282167623
INT-1257,95.23,60.07,3.19,8.0,Data Analytics,0,train,0.7994075680781086
INT-1258,80.78,87.03,3.25,8.0,Marketing,1,train,0.8401914262418901
INT-1259,100.0,100.0,4.5,0.0,Design,1,test,0.9460517634902873
INT-1260,79.97,59.11,1.0,4.0,Marketing,0,train,0.2913749737841608
INT-1261,85.05,92.07,5.0,4.0,Data Analytics,1,train,0.9275215000572515
INT-1262,63.19,89.23,3.85,3.0,Web Development,0,test,0.6770746377438893
INT-1263,83.81,78.2,3.38,7.0,Design,1,test,0.8130448229398292
INT-1264,80.63,76.99,4.53,3.0,Data Analytics,1,train,0.81581736336028
INT-1265,71.89,61.81,3.13,0.0,Marketing,0,train,0.38800900014233797
INT-1266,69.44,63.47,3.44,4.0,Marketing,1,train,0.509602344661222
INT-1267,48.08,47.43,2.64,1.0,Data Analytics,0,test,0.09886657335294868
INT-1268,100.0,87.39,4.89,3.0,Marketing,1,train,0.9493310707201356
INT-1269,95.36,98.62,3.65,4.0,Web Development,1,train,0.9275719637354011
INT-1270,94.01,78.92,3.8,6.0,Web Development,1,train,0.889887517388904
INT-1271,100.0,78.79,5.0,2.0,Marketing,1,train,0.9306820259515616
INT-1272,100.0,80.03,4.53,3.0,Design,1,train,0.923628337652641
INT-1273,70.31,71.53,3.17,0.0,Data Analytics,0,train,0.4557589241920168
INT-1274,81.59,100.0,4.36,3.0,Marketing,1,train,0.9027360965184442
INT-1275,64.99,67.53,4.87,5.0,Design,1,train,0.6922505369691199
INT-1276,100.0,66.96,3.63,5.0,Data Analytics,1,test,0.8550786120336217
INT-1277,75.16,73.13,3.18,2.0,Design,0,train,0.5751804251016271
INT-1278,96.04,94.57,4.33,0.0,Design,1,train,0.9173463903252101
INT-1279,87.75,72.52,4.5,5.0,Web Development,1,train,0.863753374646188
INT-1280,64.84,55.09,2.87,5.0,Web Development,0,train,0.3408319085759207
INT-1281,100.0,100.0,3.8,0.0,Marketing,1,train,0.9241680974302944
INT-1282,41.0,1.72,1.24,4.0,Data Analytics,0,train,0.01065973316049963
INT-1283,54.81,50.94,1.56,0.0,Design,0,test,0.08043987355635411
INT-1284,99.8,78.24,3.44,4.0,Marketing,1,test,0.8758172592313446
INT-1285,82.69,67.22,3.39,5.0,Marketing,1,train,0.7014006431492942
INT-1286,82.45,99.7,4.76,6.0,Web Development,1,train,0.940392409660473
INT-1287,59.54,40.78,3.11,6.0,Web Development,0,train,0.23667811203621575
INT-1288,77.11,62.11,2.75,6.0,Marketing,0,train,0.546203312238499
INT-1289,100.0,100.0,3.89,2.0,Web Development,1,train,0.9394799632822498
INT-1290,85.04,90.98,4.77,7.0,Design,1,train,0.9361277416439191
INT-1291,95.17,68.53,4.27,3.0,Design,1,train,0.850855184184301
INT-1292,70.77,42.94,3.2,3.0,Design,0,train,0.30552845891277786
INT-1293,64.62,53.57,2.89,7.0,Design,0,train,0.37379072330777674
INT-1294,43.03,55.87,3.12,2.0,Web Development,0,test,0.14060573552365843
INT-1295,92.61,77.17,2.83,0.0,Web Development,0,train,0.7057979992143736
INT-1296,96.59,91.84,4.1,6.0,Web Development,0,test,0.94297011793835
INT-1297,61.54,43.13,4.2,5.0,Design,0,train,0.37077441000622624
INT-1298,66.16,52.18,3.21,5.0,Marketing,0,test,0.37272924837284926
INT-1299,67.53,76.97,2.28,1.0,Design,0,train,0.3806998288020904
INT-1300,58.05,53.92,3.2,5.0,Design,0,train,0.3007587307762229
INT-1301,76.15,66.65,3.1,1.0,Web Development,1,train,0.49731144665732224
INT-1302,58.52,54.0,1.38,4.0,Marketing,0,train,0.13437335657154512
INT-1303,95.34,71.72,4.2,4.0,Web Development,1,train,0.872032719686159
INT-1304,78.73,75.74,4.56,6.0,Web Development,0,train,0.8410031321493586
INT-1305,65.93,68.13,3.06,8.0,Data Analytics,1,train,0.5564243251922942
INT-1306,44.36,32.31,1.9,1.0,Web Development,0,train,0.036179420322283044
INT-1307,81.31,59.69,2.23,1.0,Design,1,test,0.3869840277248503
INT-1308,76.1,100.0,3.91,5.0,Data Analytics,1,train,0.8736816415515619
INT-1309,41.89,32.26,1.62,8.0,Data Analytics,0,train,0.05409535880535971
INT-1310,59.37,33.15,2.52,1.0,Marketing,0,test,0.09679382994197813
INT-1311,55.14,57.69,4.13,4.0,Marketing,0,train,0.38584700073506867
INT-1312,85.62,85.4,4.13,3.0,Web Development,1,train,0.857998433403057
INT-1313,64.34,61.81,3.46,2.0,Web Development,0,train,0.39171508668288907
INT-1314,78.32,81.91,4.22,5.0,Design,1,test,0.8295409247136096
INT-1315,85.99,80.65,4.22,2.0,Marketing,1,train,0.8324976622693014
INT-1316,98.35,100.0,4.03,4.0,Web Development,1,train,0.9494815681892624
INT-1317,60.53,77.34,3.49,7.0,Data Analytics,1,train,0.6022939624017319
INT-1318,91.06,70.43,3.4,3.0,Web Development,1,test,0.7618016387110152
INT-1319,64.74,34.97,2.96,0.0,Web Development,0,train,0.14301243417598725
INT-1320,100.0,100.0,4.23,7.0,Design,1,test,0.967925005977677
INT-1321,51.95,49.81,2.75,2.0,Data Analytics,0,train,0.14257475437263972
INT-1322,73.14,64.43,2.19,6.0,Design,0,train,0.4473377654455313
INT-1323,84.45,50.7,3.49,6.0,Data Analytics,1,train,0.6278327321857986
INT-1324,45.81,48.62,2.48,4.0,Marketing,0,train,0.11251189851388042
INT-1325,81.29,62.6,2.19,0.0,Design,1,test,0.3821942815668031
INT-1326,90.38,81.28,4.24,8.0,Data Analytics,1,train,0.9187166921676511
INT-1327,100.0,91.32,4.22,6.0,Marketing,1,train,0.9529674260758317
INT-1328,75.0,53.19,4.38,3.0,Design,1,train,0.5837198804158069
INT-1329,59.62,77.98,3.06,7.0,Design,1,train,0.5426365445882845
INT-1330,100.0,59.08,3.39,7.0,Data Analytics,1,train,0.8287966221873839
INT-1331,42.56,67.67,1.68,6.0,Data Analytics,0,train,0.14324930688927914
INT-1332,72.76,38.12,3.01,1.0,Marketing,0,train,0.23386250551188162
INT-1333,99.98,100.0,3.98,5.0,Web Development,1,test,0.9561019232745643
INT-1334,71.82,90.62,2.97,2.0,Design,1,train,0.6533994984295703
INT-1335,88.7,86.67,3.48,0.0,Marketing,1,test,0.7948759815384869
INT-1336,100.0,89.78,2.94,3.0,Web Development,1,train,0.88059821203773
INT-1337,90.1,81.62,4.28,0.0,Web Development,0,train,0.8407238124366958
INT-1338,89.52,75.93,3.19,0.0,Marketing,1,train,0.7060484148520836
INT-1339,100.0,100.0,4.73,6.0,Data Analytics,1,train,0.9725994552865203
INT-1340,75.76,65.08,2.29,4.0,Web Development,0,train,0.44753229384012294
INT-1341,65.15,30.69,2.59,3.0,Marketing,0,test,0.13982893751383743
INT-1342,94.95,94.55,3.42,1.0,Data Analytics,1,train,0.8786786811069129
INT-1343,89.95,77.89,3.61,6.0,Web Development,1,train,0.8540734384721566
INT-1344,77.94,56.79,3.47,5.0,Web Development,1,train,0.5792038563882127
INT-1345,56.9,47.64,3.89,5.0,Data Analytics,1,test,0.32031959054702064
INT-1346,99.89,100.0,5.0,1.0,Data Analytics,1,train,0.9614570938054509
INT-1347,76.9,64.72,4.24,1.0,Web Development,1,test,0.6343786788332385
INT-1348,61.54,28.71,4.05,1.0,Marketing,0,train,0.18418621305391608
INT-1349,98.69,92.35,4.26,0.0,Data Analytics,1,train,0.9181974358997472
INT-1350,86.23,77.52,3.32,8.0,Design,1,train,0.8355832754492697
INT-1351,72.91,65.16,3.98,3.0,Web Development,0,train,0.6083727050874698
INT-1352,100.0,64.93,4.43,5.0,Marketing,1,train,0.8930007458347193
INT-1353,73.6,52.57,3.21,8.0,Web Development,1,test,0.5328485525302799
INT-1354,85.37,57.14,2.56,8.0,Marketing,0,test,0.6216886942244222
INT-1355,96.56,88.23,3.77,2.0,Web Development,1,train,0.8927568295911421
INT-1356,100.0,68.95,3.44,4.0,Marketing,1,train,0.8384028031586317
INT-1357,72.12,77.8,3.76,4.0,Marketing,0,train,0.6936709232204136
INT-1358,72.16,58.81,3.13,0.0,Web Development,0,train,0.366960767023069
INT-1359,68.86,59.16,3.99,6.0,Design,0,train,0.5855979041904944
INT-1360,65.55,95.3,4.19,5.0,Data Analytics,1,train,0.8067055764284315
INT-1361,58.02,70.89,4.05,3.0,Web Development,0,train,0.494852948709703
INT-1362,97.16,91.41,4.7,5.0,Web Development,1,train,0.9539835130726692
INT-1363,45.9,39.09,1.81,6.0,Marketing,0,train,0.07318611799706942
INT-1364,100.0,77.44,4.17,0.0,Marketing,0,train,0.8726481697085535
INT-1365,61.82,35.32,2.78,5.0,Marketing,0,test,0.17946357014899822
INT-1366,70.7,91.59,2.43,7.0,Marketing,1,train,0.69470427176581
INT-1367,67.32,60.24,2.64,6.0,Marketing,1,train,0.4035102024276532
INT-1368,100.0,90.75,4.99,5.0,Marketing,1,test,0.964154186331085
INT-1369,96.08,90.01,4.35,0.0,Design,1,train,0.9058360975393208
INT-1370,97.16,97.66,5.0,6.0,Data Analytics,1,train,0.9706308964768231
INT-1371,38.36,26.0,2.77,6.0,Marketing,0,train,0.055405157778934844
INT-1372,82.83,77.01,5.0,4.0,Data Analytics,1,train,0.8736026459358859
INT-1373,72.93,62.57,3.73,5.0,Data Analytics,1,train,0.603111754803477
INT-1374,36.58,71.12,2.61,5.0,Marketing,0,train,0.17316475770007586
INT-1375,78.83,83.87,2.49,1.0,Data Analytics,1,train,0.5946222030937651
INT-1376,60.68,46.99,4.36,2.0,Data Analytics,0,train,0.34364869807951465
INT-1377,72.56,59.7,3.33,7.0,Design,0,test,0.572183969198413
INT-1378,75.11,72.98,3.04,8.0,Design,1,test,0.6917637003277242
INT-1379,73.76,70.05,4.44,2.0,Data Analytics,1,test,0.6874120578200252
INT-1380,100.0,77.04,4.95,3.0,Web Development,1,train,0.9314532783711268
INT-1381,98.22,100.0,4.81,8.0,Data Analytics,1,test,0.9764177824593356
INT-1382,46.8,30.5,1.71,1.0,Web Development,0,train,0.034578680441354225
INT-1383,81.08,73.57,3.21,2.0,Data Analytics,1,train,0.6476999088960701
INT-1384,87.1,59.68,3.28,0.0,Design,0,train,0.5639489006220872
INT-1385,53.45,54.08,3.07,2.0,Web Development,0,train,0.19583079074714266
INT-1386,82.35,68.18,4.53,5.0,Marketing,1,train,0.8120647206183317
INT-1387,100.0,88.01,4.28,3.0,Data Analytics,1,train,0.9330457330002664
INT-1388,64.2,63.17,4.24,8.0,Marketing,1,train,0.6435355438271796
INT-1389,78.74,54.58,4.2,8.0,Marketing,0,test,0.7218678372148283
INT-1390,61.85,79.71,2.78,8.0,Web Development,1,test,0.5709241359766886
INT-1391,60.42,63.8,3.64,6.0,Design,0,test,0.4823268281021073
INT-1392,100.0,100.0,5.0,6.0,Web Development,1,train,0.9761019428295317
INT-1393,69.46,48.26,4.53,4.0,Design,0,test,0.5220111970984723
INT-1394,77.84,66.47,4.46,8.0,Marketing,0,train,0.8102888158918722
INT-1395,45.18,25.79,2.48,0.0,Design,0,train,0.036885496137820724
INT-1396,91.97,100.0,4.18,6.0,Design,1,test,0.9483387149437217
INT-1397,96.23,82.57,4.1,1.0,Marketing,1,train,0.8792244808565691
INT-1398,76.23,62.58,4.48,3.0,Web Development,1,test,0.6828663418303684
INT-1399,77.43,67.01,3.99,2.0,Data Analytics,0,train,0.6505147486959018
INT-1400,66.35,31.71,3.01,5.0,Design,0,train,0.212045546930249
INT-1401,88.95,90.24,4.03,7.0,Design,0,train,0.9210601339705888
INT-1402,59.4,60.3,3.01,0.0,Data Analytics,0,train,0.24041360158941294
INT-1403,85.36,59.14,3.18,5.0,Design,1,train,0.6442545105222389
INT-1404,65.75,85.79,3.25,1.0,Data Analytics,1,train,0.5585302519587264
INT-1405,65.78,61.56,4.31,0.0,Web Development,1,train,0.4663113105741349
INT-1406,88.14,100.0,3.58,3.0,Marketing,1,train,0.8935157338698126
INT-1407,93.01,68.63,3.56,5.0,Design,1,train,0.8131119005597942
INT-1408,87.32,85.85,3.12,1.0,Design,0,test,0.7636712230941305
INT-1409,65.89,71.08,3.9,3.0,Design,1,test,0.5680617531801735
INT-1410,90.62,56.44,4.61,8.0,Data Analytics,1,train,0.8560388771209372
INT-1411,67.29,85.3,4.33,3.0,Marketing,1,train,0.7401551249475454
INT-1412,100.0,100.0,4.66,8.0,Web Development,1,train,0.9765283391517383
INT-1413,56.04,57.36,3.02,7.0,Marketing,1,test,0.3277386226731235
INT-1414,73.3,81.65,3.92,3.0,Marketing,0,train,0.7288687546802535
INT-1415,100.0,91.58,4.45,5.0,Data Analytics,1,train,0.9543298360167976
INT-1416,85.52,46.23,3.19,6.0,Design,1,test,0.5657528099496829
INT-1417,100.0,100.0,4.56,4.0,Data Analytics,1,train,0.963939973518516
INT-1418,100.0,92.29,3.99,3.0,Design,1,train,0.9327309129244328
INT-1419,81.4,92.68,4.2,2.0,Web Development,1,train,0.8568237638893856
INT-1420,87.51,91.46,3.21,1.0,Data Analytics,1,test,0.8052680746513783
INT-1421,67.74,84.71,3.12,0.0,Design,1,train,0.5314106441250157
INT-1422,77.31,79.36,4.49,3.0,Marketing,1,test,0.8011896332850388
INT-1423,70.74,58.34,5.0,7.0,Data Analytics,1,train,0.7365212205355361
INT-1424,91.17,84.68,3.26,2.0,Marketing,1,train,0.8149529094947098
INT-1425,73.78,60.85,2.61,1.0,Marketing,0,train,0.36049925484303286
INT-1426,74.23,67.6,2.27,2.0,Design,1,train,0.4009296403761087
INT-1427,97.55,87.58,3.74,5.0,Marketing,1,train,0.9183637233658193
INT-1428,93.66,67.27,4.49,1.0,Web Development,1,test,0.8245332369807942
INT-1429,73.66,79.83,4.14,1.0,Design,1,train,0.7032543743384605
INT-1430,85.32,63.01,3.89,1.0,Design,1,test,0.66874230156136
INT-1431,66.75,66.92,3.63,2.0,Design,0,train,0.4835930489548469
INT-1432,73.69,33.96,2.45,1.0,Marketing,0,train,0.17134374044029657
INT-1433,77.63,65.51,2.8,7.0,Marketing,0,train,0.6103733440151058
INT-1434,65.67,51.12,2.57,8.0,Marketing,0,train,0.3499340499702661
INT-1435,73.77,100.0,2.41,3.0,Design,1,train,0.700686401493071
INT-1436,49.44,82.54,2.55,0.0,Marketing,0,train,0.25057389915072625
INT-1437,54.17,59.04,2.39,0.0,Design,0,train,0.14693081016395934
INT-1438,50.84,36.16,2.46,2.0,Design,0,train,0.07862195932053334
INT-1439,56.53,32.48,2.95,4.0,Data Analytics,0,train,0.1333162009116429
INT-1440,86.18,76.46,4.39,4.0,Web Development,1,train,0.8523523149183199
INT-1441,85.12,66.03,1.78,2.0,Marketing,1,train,0.44935720669615936
INT-1442,95.7,47.55,2.54,3.0,Web Development,1,test,0.5379976613797905
INT-1443,58.77,49.23,3.17,2.0,Design,0,train,0.21784497084498614
INT-1444,95.21,80.74,2.17,4.0,Marketing,1,train,0.7622081448060978
INT-1445,74.66,71.11,4.19,6.0,Web Development,1,train,0.7551771322032047
INT-1446,84.33,61.55,2.27,0.0,Web Development,1,train,0.4175076599696382
INT-1447,100.0,100.0,5.0,4.0,Data Analytics,1,train,0.9710997675533869
INT-1448,100.0,96.53,3.54,5.0,Data Analytics,1,train,0.9390628426929655
INT-1449,80.97,86.7,3.98,6.0,Design,1,test,0.8631327263526786
INT-1450,81.39,62.6,5.0,5.0,Design,1,train,0.81353873054695
INT-1451,61.75,56.03,1.65,4.0,Web Development,0,test,0.1819606548476699
INT-1452,92.69,76.7,4.14,6.0,Web Development,0,train,0.8937241666983188
INT-1453,73.58,51.5,2.08,3.0,Data Analytics,0,test,0.27265595748609045
INT-1454,47.31,71.36,3.5,5.0,Marketing,0,train,0.3558430223131786
INT-1455,77.26,100.0,3.99,2.0,Design,1,train,0.8502631925156497
INT-1456,66.22,100.0,3.43,3.0,Data Analytics,1,train,0.7368495004723226
INT-1457,100.0,100.0,3.91,1.0,Design,1,train,0.9343279397738257
INT-1458,80.41,69.7,3.99,3.0,Web Development,1,train,0.7209327907249247
INT-1459,100.0,92.5,3.28,1.0,Marketing,1,test,0.8881796028657282
INT-1460,100.0,80.69,4.45,2.0,Web Development,1,train,0.9149777574278124
INT-1461,78.79,92.75,3.6,3.0,Marketing,0,train,0.810893684332643
INT-1462,67.58,59.66,2.06,4.0,Design,1,test,0.2900335762857705
INT-1463,69.09,73.55,4.09,8.0,Data Analytics,1,train,0.7490651601581898
INT-1464,77.07,70.72,3.58,0.0,Marketing,0,train,0.5799454541772143
INT-1465,92.12,100.0,5.0,8.0,Design,1,train,0.9717622070748709
INT-1466,62.56,80.18,4.28,2.0,Web Development,1,train,0.6292167002000801
INT-1467,74.09,51.25,2.2,6.0,Data Analytics,1,train,0.35187391263398476
INT-1468,52.14,45.83,2.66,6.0,Web Development,1,train,0.1711993540222402
INT-1469,78.33,83.14,2.77,8.0,Design,1,train,0.7620080710695292
INT-1470,52.93,32.28,3.58,0.0,Data Analytics,0,train,0.10821796132476369
INT-1471,89.81,77.92,3.76,8.0,Web Development,1,test,0.8843814288680195
INT-1472,93.22,79.5,4.09,0.0,Design,1,train,0.8372331178805725
INT-1473,77.5,96.78,3.25,7.0,Design,1,test,0.8508745122440242
INT-1474,40.51,48.25,2.23,5.0,Marketing,0,train,0.08652574984294972
INT-1475,76.52,59.45,4.22,4.0,Data Analytics,1,train,0.6539221482390252
INT-1476,78.9,76.57,3.32,3.0,Marketing,1,train,0.6823244498909209
INT-1477,99.5,100.0,4.17,0.0,Web Development,1,train,0.9352006134072077
INT-1478,56.35,41.45,2.28,7.0,Data Analytics,0,train,0.16377272641893906
INT-1479,66.43,76.36,2.82,6.0,Marketing,0,train,0.5523537292149627
INT-1480,100.0,100.0,3.27,8.0,Design,1,train,0.952827094450786
INT-1481,83.4,82.22,3.1,6.0,Design,1,train,0.7932404512930595
INT-1482,100.0,80.43,4.73,8.0,Web Development,1,train,0.9568210795979499
INT-1483,77.65,79.87,3.31,7.0,Marketing,1,train,0.7692140446960692
INT-1484,85.21,80.49,4.06,3.0,Data Analytics,0,train,0.8286550170446517
INT-1485,75.67,85.27,2.05,6.0,Data Analytics,1,train,0.6325191265371235
INT-1486,62.2,50.07,3.39,2.0,Data Analytics,0,test,0.27373266339788693
INT-1487,92.4,100.0,3.73,7.0,Design,1,train,0.9423324826765318
INT-1488,74.64,35.33,2.38,5.0,Data Analytics,0,train,0.2439194133126146
INT-1489,84.82,83.24,3.69,3.0,Marketing,1,test,0.8114216144393324
INT-1490,94.34,70.38,3.14,5.0,Data Analytics,1,train,0.7979395563098918
INT-1491,75.78,86.77,1.61,2.0,Design,1,train,0.49502831842859824
INT-1492,93.96,58.99,4.03,5.0,Marketing,1,train,0.8070017779468336
INT-1493,68.69,51.75,3.26,4.0,Marketing,0,train,0.3801066731695661
INT-1494,86.9,41.28,2.64,2.0,Web Development,1,test,0.37376169154633443
INT-1495,68.2,70.87,2.55,8.0,Data Analytics,1,train,0.5400173117598883
INT-1496,54.88,35.11,1.82,0.0,Marketing,0,test,0.05535925457822866
INT-1497,70.42,70.47,3.72,6.0,Web Development,0,train,0.6599533727139747
INT-1498,85.21,23.47,3.95,1.0,Marketing,0,train,0.35030156454308164
INT-1499,96.16,86.76,3.9,2.0,Data Analytics,1,train,0.8926538221414796
INT-1500,58.12,46.09,1.84,1.0,Design,1,train,0.09935469592539577
